1064811222640
1064811322956
1064811327179
1064811434934
1064811437371
1064811465165
1064811644874
1064811654917
1064811659345
1064811659919
1064811668071
1064811668371
1064811688750
1064811872971
1064811898622
1064893152424
1064893152436
1064893155545
1064893176824
1064893179268
1064893187251
1064893189938
1064893203273
1064893229204
1064893433115
1064893449648
1064893453762
1064893457104
1064893466147
1064893475920
1064893476210
1064893487439
1064893487957
1064893512625
1064893525800
1064893539789
1064893572307
1064893625302
1440092531576
1440489952673
1440496181803
1440496182011
1440496185381
1440581830496
1440581832637
1440581837264
1440581837692
1440581856075
1440581856861
1440581857085
1440581858255
1440581904604
1440581920560
1440581921000
1440581942816
1440581964046
1440581980061
1440581980107
1440581980699
1440581985304
1440581986800
1440581990427
1440581990450
1440581990602
1440581992713
1440581992716
1440581997550
1442170002618
1442209539882
1442209855868
1442209891691
1442209896036
1064811221064
1064811233560
1064811257575
1064811320614
1064811325593
1064811422454
1064811432559
1064811441420
1064811459268
1064811621408
1064811644581
1064811687833
1064811876410
1064811880227
1064811882041
1064811887918
1064811894998
1064893150065
1064893150433
1064893151872
1064893153000
1064893156379
1064893174788
1064893176968
1064893223766
1064893430560
1064893475906
1064893475928
1064893479984
1064893488003
1064893493162
1064893496561
1064893515562
1064893522577
1064893525324
1064893527308
1064893527428
1064893532141
1064893536618
1440092410095
1440092411726
1440092422651
1440092426429
1440092530376
1440092532569
1440092536208
1440247367808
1440490926027
1440495819094
1440496182147
1440496183874
1440581837579
1440581855564
1440581855608
1440581856054
1440581867001
1440581877190
1440581951237
1440581961384
1440581961521
1440581982692
1440581982694
1440581990497
1440581990588
1440581992440
1442209526028
1442209855644
1442209865642
1442209882262
1064811257375
1064811326756
1064811442509
1064811445600
1064811445777
1064811450246
1064811458656
1064811463725
1064811502133
1064811654335
1064811654964
1064811668857
1064811680549
1064811876687
1064893152564
1064893153943
1064893153954
1064893155625
1064893173961
1064893176621
1064893178904
1064893183229
1064893204191
1064893204998
1064893209223
1064893441599
1064893454156
1064893457874
1064893466157
1064893466431
1064893486545
1064893488021
1064893519589
1064893529613
1064893534590
1064893571260
1064893571471
1064893621974
1064893622230
1064893623490
1064893626394
1440092221940
1440092223508
1440092412229
1440092414363
1440092530604
1440092534835
1440247367503
1440247367515
1440496182032
1440581856277
1440581856752
1440581857219
1440581904406
1440581935874
1440581935894
1440581935951
1440581937471
1440581944264
1440581961806
1440581982725
1440581990344
1440581992294
1442170015551
1442170021833
1442209535725
1442209536455
1442209537503
1442209865612
1442209891298
1064811443127
1064811451417
1064811453621
1064811456984
1064811459069
1064811464269
1064811487986
1064811639784
1064811646194
1064811653258
1064811667704
1064811674280
1064811685148
1064811685968
1064811688757
1064811887856
1064811888607
1064811890102
1064811892762
1064811894652
1064811897378
1064893151280
1064893155628
1064893170765
1064893172098
1064893176069
1064893179522
1064893205465
1064893430020
1064893460551
1064893461630
1064893475507
1064893485143
1064893511799
1064893519213
1064893574043
1064893574138
1064893622158
1440092530102
1440247367598
1440496181067
1440496181661
1440496181764
1440496181841
1440496185007
1440581855072
1440581855075
1440581855603
1440581906790
1440581935201
1440581935838
1440581935873
1440581981571
1440581981689
1440581986614
1442170015002
1442170017421
1442209528079
1442209551750
1442209884755
1442209890805
1064811222974
1064811239976
1064811324661
1064811431524
1064811442780
1064811455316
1064811457873
1064811460801
1064811465673
1064811468320
1064811484111
1064811485576
1064811621117
1064811642634
1064811647116
1064811659116
1064811661109
1064811666231
1064811683500
1064811683730
1064811898770
1064893152423
1064893176897
1064893200089
1064893443555
1064893468442
1064893475926
1064893476775
1064893487470
1064893488255
1064893490269
1064893490372
1064893511363
1064893511757
1064893515538
1064893528989
1064893538260
1064893538264
1064893620025
1064893623058
1440092221922
1440092226521
1440092530149
1440092534982
1440247367513
1440247367534
1440581832723
1440581835830
1440581855034
1440581855067
1440581855593
1440581855803
1440581857415
1440581867083
1440581920492
1440581951241
1440581964041
1440581990659
1440581991200
1440581991588
1440581991734
1440581992481
1440581997477
1442209533085
1442209883703
1442209895766
1442209898339
1064811233187
1064811455367
1064811457111
1064811457547
1064811468860
1064811642577
1064811643969
1064811644687
1064811647613
1064811659864
1064811663084
1064811672498
1064811674038
1064811816904
1064811882432
1064811883675
1064811896424
1064893150647
1064893180224
1064893203269
1064893442829
1064893457516
1064893476187
1064893477301
1064893510759
1064893513139
1064893570436
1064893621134
1064893622382
1064893626972
1064893642939
1440092220135
1440092220480
1440092222720
1440092411029
1440092411290
1440092538380
1440092539038
1440247373776
1440247374462
1440247376186
1440492923085
1440495816939
1440581855506
1440581855870
1440581856043
1440581920373
1440581921333
1440581935859
1440581935891
1440581940936
1440581950900
1440581961715
1440581981982
1440581990304
1440581990524
1440581992487
1440581992493
1442170017011
1442170023131
1442209519830
1442209528652
1442209891917
1064811222712
1064811320506
1064811322770
1064811329288
1064811329880
1064811440066
1064811442564
1064811447658
1064811459736
1064811465266
1064811465987
1064811469138
1064811502155
1064811650398
1064811667768
1064811872966
1064811882043
1064811882047
1064811893482
1064811899830
1064893150572
1064893151384
1064893154099
1064893170543
1064893431844
1064893451197
1064893453677
1064893465670
1064893467243
1064893470634
1064893484899
1064893535620
1064893552162
1064893620282
1064893621734
1064893623841
1440092422726
1440092530845
1440092534907
1440581833879
1440581856754
1440581857399
1440581857441
1440581866351
1440581877180
1440581879765
1440581901282
1440581933385
1440581982681
1440581984979
1440581990458
1440581991226
1440581991888
1442170002955
1442170022346
1442209855181
1064811320689
1064811328899
1064811329106
1064811420473
1064811444891
1064811445403
1064811461222
1064811462452
1064811654265
1064811881728
1064811883609
1064811891075
1064893151417
1064893179853
1064893180401
1064893434617
1064893437696
1064893453159
1064893459690
1064893466357
1064893466363
1064893472920
1064893478359
1064893489229
1064893525352
1064893534178
1064893570699
1064893570877
1064893577350
1064893620123
1064893622099
1064893623949
1440092223747
1440092410178
1440092421163
1440092530492
1440092530731
1440092531601
1440247367796
1440495899789
1440496187242
1440581835110
1440581856289
1440581857258
1440581933453
1440581939106
1440581961337
1440581980788
1440581991176
1442170004419
1442170004659
1442209537653
1442209855599
1442209892601
1064811222843
1064811224127
1064811252744
1064811320863
1064811322047
1064811324249
1064811326069
1064811327163
1064811420935
1064811423333
1064811453010
1064811463432
1064811469520
1064811489343
1064811655977
1064811658742
1064811673607
1064811683947
1064811688327
1064811876690
1064811879258
1064811880012
1064811880186
1064811882160
1064893437321
1064893451612
1064893457367
1064893457604
1064893458324
1064893471868
1064893481458
1064893489222
1064893524531
1064893535124
1064893535503
1064893573058
1064893577401
1064893622142
1440092413289
1440247367507
1440489959960
1440581832215
1440581832549
1440581877195
1440581879774
1440581920620
1440581923496
1440581990204
1440581990498
1440581992479
1442170017116
1442209528723
1442209539653
1442209554936
1064811222518
1064811227174
1064811250468
1064811320068
1064811327389
1064811329170
1064811421507
1064811440133
1064811447497
1064811452132
1064811455588
1064811457479
1064811462603
1064811466085
1064811640926
1064811655799
1064811658355
1064811681870
1064811683758
1064811685834
1064811686011
1064811815016
1064811880438
1064811885949
1064811895679
1064893151175
1064893180189
1064893453121
1064893454642
1064893465672
1064893466139
1064893469776
1064893476192
1064893480468
1064893487927
1064893488340
1064893495207
1064893499052
1064893511170
1064893521539
1064893526810
1064893532448
1064893533073
1064893622128
1440092222629
1440092412332
1440092422369
1440092429998
1440092530789
1440092537863
1440493640444
1440495816707
1440496182801
1440581855042
1440581855503
1440581855560
1440581855562
1440581855631
1440581855883
1440581856809
1440581866356
1440581901335
1440581921054
1440581931236
1440581961385
1440581964538
1440581980046
1440581981020
1440581981975
1440581982720
1440581991225
1440581992706
1440581992714
1442170019484
1442209527737
1442209538799
1442209551927
1442209858301
1064811224154
1064811227134
1064811227148
1064811321851
1064811323539
1064811421510
1064811432632
1064811442165
1064811445104
1064811448454
1064811450630
1064811454381
1064811458498
1064811459770
1064811461228
1064811482297
1064811657455
1064811660887
1064811674348
1064811680522
1064811680524
1064811874543
1064811878537
1064811880593
1064811895865
1064811896670
1064893150955
1064893156947
1064893170013
1064893173005
1064893176746
1064893178007
1064893189851
1064893204502
1064893437335
1064893441040
1064893458109
1064893459764
1064893460041
1064893463070
1064893466367
1064893489487
1064893489676
1064893499068
1064893518725
1064893518840
1064893519520
1064893524322
1064893529988
1064893537620
1064893571359
1064893621414
1064893626337
1440092220093
1440092228724
1440092420000
1440092531640
1440496181674
1440581835396
1440581855016
1440581855527
1440581855874
1440581856076
1440581961428
1440581961800
1440581982739
1440581989452
1442169343022
1442170017465
1442209895040
1064811222662
1064811227603
1064811236090
1064811257339
1064811424982
1064811449634
1064811677812
1064811688219
1064811688547
1064811689084
1064811814916
1064811872717
1064811881813
1064811882015
1064811885280
1064811888663
1064893150629
1064893151003
1064893151667
1064893152416
1064893152426
1064893158836
1064893183224
1064893183536
1064893187466
1064893434648
1064893438613
1064893451198
1064893453449
1064893456411
1064893460105
1064893460220
1064893463571
1064893465648
1064893466178
1064893466360
1064893479634
1064893480741
1064893483109
1064893487326
1064893489376
1064893512024
1064893529248
1064893533496
1064893533930
1064893553652
1064893555938
1064893571258
1064893574902
1064893621990
1064893622940
1440092530037
1440247375113
1440490923377
1440496180889
1440496189284
1440581830460
1440581836128
1440581856852
1440581875911
1440581904869
1440581935968
1440581944866
1440581950493
1440581951134
1440581961809
1440581964987
1440581981974
1440581984134
1440581985491
1440581986693
1440581989645
1440581990323
1440581990506
1442209551994
1442209855308
1442209885259
1442209885933
1442209898646
1442209898840
1064811226470
1064811329201
1064811440953
1064811442673
1064811443553
1064811444711
1064811454341
1064811454752
1064811460198
1064811460980
1064811460988
1064811463850
1064811467263
1064811650202
1064811655379
1064811655489
1064811657566
1064811658828
1064811660083
1064811666325
1064811667710
1064811683910
1064811874548
1064811885569
1064811890406
1064811893168
1064893172674
1064893179710
1064893434159
1064893451657
1064893453793
1064893462546
1064893466164
1064893480820
1064893484676
1064893486727
1064893487934
1064893488898
1064893510866
1064893515486
1064893517114
1064893521855
1064893526798
1064893529241
1064893531472
1064893538259
1064893554656
1064893570874
1064893578968
1064893625312
1440092221198
1440092414073
1440092530011
1440092530044
1440092530491
1440489953551
1440495899937
1440496182241
1440496182877
1440496184188
1440496184533
1440496186152
1440497802717
1440581836327
1440581837279
1440581838840
1440581856855
1440581856876
1440581907459
1440581914314
1440581935909
1440581935910
1440581935938
1440581935955
1440581945766
1440581982715
1440581990147
1440581991563
1440581992437
1442170019446
1442209538452
1442209890397
1442209891521
1064811222501
1064811222657
1064811235650
1064811326497
1064811326743
1064811452942
1064811458851
1064811464809
1064811468471
1064811502126
1064811648157
1064811654538
1064811880753
1064811885981
1064811890724
1064811892748
1064811899802
1064893152428
1064893157829
1064893177090
1064893179687
1064893186769
1064893205463
1064893431601
1064893436702
1064893469256
1064893487397
1064893488308
1064893490370
1064893496914
1064893510200
1064893511523
1064893512143
1064893515542
1064893518709
1064893528275
1064893571224
1064893579235
1064893629839
1440092220983
1440092411452
1440489951686
1440496180468
1440581855059
1440581856048
1440581857031
1440581866353
1440581877120
1440581901288
1440581904588
1440581921057
1440581935178
1440581935868
1440581961739
1440581982644
1440581986216
1440581991539
1440581991731
1440581991735
1440581992470
1442170017000
1442170017207
1442209855310
1442209883017
1064811224077
1064811227100
1064811227153
1064811238075
1064811326314
1064811328048
1064811329172
1064811433712
1064811435467
1064811442359
1064811446442
1064811452993
1064811458842
1064811460766
1064811463464
1064811639790
1064811652702
1064811656426
1064811657946
1064811670664
1064811682111
1064811810352
1064811871127
1064811871655
1064811874552
1064811887899
1064811888015
1064811890063
1064811894610
1064811897506
1064893153557
1064893153964
1064893154338
1064893157023
1064893203189
1064893204492
1064893205449
1064893436510
1064893451482
1064893453681
1064893460227
1064893475505
1064893476214
1064893481971
1064893499060
1064893515536
1064893517075
1064893517986
1064893518431
1064893519221
1064893520159
1064893525898
1064893534200
1064893535426
1064893621100
1064893621378
1064893622277
1064893626576
1440092221741
1440092222586
1440092223231
1440092223676
1440092415552
1440092422692
1440496180361
1440496182128
1440496183357
1440581855052
1440581855581
1440581857390
1440581866002
1440581904865
1440581909632
1440581920660
1440581935928
1440581990453
1440581992450
1442170023656
1442209536586
1442209554650
1442209855645
1442209855789
1442209885254
1442209899733
1064811235299
1064811254912
1064811257795
1064811259781
1064811324045
1064811325568
1064811420726
1064811429341
1064811451473
1064811455946
1064811624484
1064811626660
1064811641352
1064811645784
1064811686491
1064811688588
1064811881171
1064893153946
1064893157501
1064893183225
1064893189795
1064893449747
1064893460271
1064893468462
1064893499045
1064893514555
1064893519078
1064893524328
1064893529217
1064893530693
1064893531613
1064893534045
1064893535727
1064893553130
1064893575912
1440092422544
1440092530001
1440092530041
1440092530444
1440092535922
1440496182149
1440581857189
1440581857190
1440581857268
1440581857462
1440581877193
1440581879773
1440581931037
1440581935208
1440581935878
1440581981589
1440581981684
1440581981978
1440581982721
1440581982724
1440581989733
1440581990208
1440581991213
1442209527136
1442209533093
1442209896442
1064811227711
1064811258082
1064811322543
1064811325964
1064811326494
1064811444913
1064811454665
1064811455011
1064811458315
1064811458903
1064811459059
1064811465594
1064811469530
1064811660882
1064811670675
1064811684299
1064811812215
1064811880287
1064811884586
1064811885252
1064811888923
1064893151660
1064893152429
1064893170244
1064893174359
1064893175270
1064893178177
1064893179518
1064893180622
1064893205473
1064893434583
1064893445179
1064893453200
1064893453648
1064893481550
1064893482789
1064893486794
1064893494311
1064893499074
1064893511306
1064893511790
1064893512874
1064893519005
1064893522398
1064893524347
1064893526818
1064893531475
1064893538447
1064893538704
1064893539255
1064893557775
1064893570197
1064893624424
1064893640808
1440092414079
1440092530340
1440491410230
1440496180140
1440581833745
1440581855063
1440581855871
1440581857010
1440581857102
1440581920294
1440581920878
1440581925289
1440581925533
1440581986612
1440581990460
1440581991224
1440581991733
1442170017425
1442209891529
1064811236114
1064811237349
1064811329181
1064811432462
1064811439619
1064811440793
1064811451864
1064811454973
1064811456690
1064811456918
1064811459258
1064811459459
1064811461862
1064811465418
1064811651051
1064811669752
1064811680780
1064811816239
1064811890777
1064811897003
1064893170010
1064893170545
1064893172108
1064893179598
1064893203124
1064893204918
1064893434604
1064893445121
1064893466176
1064893487334
1064893518026
1064893519099
1064893528384
1064893538262
1064893538967
1064893621551
1440092410200
1440092530002
1440247374661
1440247376153
1440492389295
1440496182981
1440496183516
1440496187755
1440581837203
1440581855882
1440581913125
1440581935917
1440581935943
1440581935950
1440581942812
1440581981979
1440581991404
1440581991470
1440581993268
1442209526024
1442209532578
1442209535403
1442209885268
1442209898341
1064811222580
1064811222666
1064811222973
1064811227141
1064811238039
1064811325771
1064811329875
1064811421781
1064811445889
1064811456305
1064811500427
1064811674282
1064811680912
1064811682841
1064811871295
1064811882042
1064811888002
1064893177561
1064893178807
1064893189942
1064893203349
1064893204371
1064893453155
1064893453670
1064893462224
1064893480355
1064893486032
1064893496398
1064893511037
1064893521853
1064893530199
1064893532166
1064893570417
1064893574704
1064893579370
1064893629344
1440092411457
1440092530449
1440092534483
1440092537483
1440247373579
1440489952063
1440496184636
1440581831911
1440581838026
1440581855032
1440581855884
1440581856067
1440581856802
1440581856854
1440581857215
1440581857389
1440581877793
1440581906898
1440581910283
1440581920301
1440581921311
1440581932405
1440581935919
1440581951140
1440581961220
1440581980106
1440581983783
1440581987988
1440581989652
1440581992268
1442170004417
1442170023264
1442209551432
1442209551922
1442209891509
1442209896953
1064811227185
1064811227198
1064811238170
1064811239925
1064811422358
1064811453008
1064811453565
1064811453997
1064811483516
1064811484566
1064811637967
1064811647139
1064811648883
1064811659535
1064811663534
1064811668151
1064811674528
1064811686816
1064811880286
1064811880371
1064811881376
1064811885523
1064811893274
1064893153977
1064893173986
1064893179121
1064893186225
1064893204171
1064893441585
1064893452051
1064893459750
1064893460323
1064893466370
1064893466455
1064893467246
1064893480492
1064893486771
1064893489412
1064893510923
1064893511892
1064893522497
1064893524211
1064893529495
1064893573396
1064893622908
1064893642922
1440092412658
1440092534765
1440092539409
1440490922359
1440496180383
1440581855066
1440581855801
1440581877191
1440581901281
1440581901380
1440581909657
1440581920020
1440581920761
1440581924176
1440581935940
1440581944833
1440581945825
1440581950903
1440581961411
1440581964667
1440581981581
1440581982674
1440581982714
1440581990369
1440581991729
1440581992447
1440581992464
1440581992710
1442170039455
1442209535400
1442209551448
1442209553405
1442209855411
1442209895617
1064811222557
1064811228175
1064811321384
1064811329167
1064811329200
1064811445304
1064811453016
1064811456999
1064811462338
1064811468323
1064811469265
1064811484516
1064811644945
1064811650304
1064811660884
1064811665946
1064811669629
1064811681876
1064811682125
1064811688695
1064811872981
1064811887772
1064893173372
1064893178187
1064893178392
1064893434636
1064893437398
1064893437622
1064893454147
1064893459352
1064893468697
1064893470682
1064893470790
1064893474997
1064893486977
1064893487940
1064893489675
1064893511169
1064893517092
1064893526723
1064893527964
1064893570692
1064893626159
1440092411041
1440092412711
1440092534518
1440247371783
1440496182365
1440496185235
1440581855621
1440581857361
1440581920482
1440581920867
1440581921268
1440581935970
1440581950443
1440581964533
1440581990470
1442170015596
1442170039456
1442209537560
1064811219735
1064811257858
1064811320022
1064811442487
1064811443450
1064811451639
1064811457917
1064811460184
1064811462376
1064811647074
1064811651605
1064811663268
1064811678834
1064811680771
1064811682833
1064811814275
1064811876405
1064811881132
1064811894617
1064893171679
1064893179338
1064893205223
1064893434774
1064893443039
1064893467145
1064893475501
1064893476193
1064893487739
1064893512152
1064893512551
1064893515578
1064893521524
1064893524946
1064893525653
1064893529965
1064893530669
1064893530903
1064893532223
1064893575925
1064893578772
1064893622052
1064893640050
1440092220696
1440092530493
1440247367727
1440492914793
1440495899850
1440496183432
1440496184832
1440581856250
1440581856850
1440581876302
1440581904742
1440581921116
1440581932220
1440581935925
1440581935927
1440581951174
1440581961339
1440581961477
1440581961515
1440581961714
1440581991215
1440581992709
1442209527856
1442209551442
1442209884762
1442209892609
1064811256893
1064811321036
1064811440281
1064811442660
1064811454183
1064811456813
1064811468466
1064811640132
1064811643929
1064811645822
1064811661917
1064811686387
1064811883291
1064811890425
1064811898214
1064811899541
1064893152425
1064893159463
1064893172618
1064893183907
1064893203174
1064893456792
1064893480187
1064893483633
1064893484758
1064893486497
1064893486805
1064893489190
1064893529788
1064893530384
1064893537589
1064893570662
1064893578598
1064893620048
1440092220098
1440092538265
1440247375100
1440496182293
1440496182385
1440496182705
1440496183936
1440496184648
1440581832218
1440581855025
1440581855529
1440581855578
1440581855579
1440581855599
1440581856751
1440581877122
1440581921385
1440581923577
1440581980389
1440581980667
1440581982227
1440581982699
1440581990481
1440581991162
1440581992453
1442170003411
1442170017461
1442170022216
1442209537652
1442209883009
1442209885932
1442209896843
1064811227014
1064811227145
1064811321279
1064811329987
1064811466167
1064811466973
1064811645320
1064811647384
1064811684679
1064811885213
1064811888662
1064811893746
1064893170841
1064893203127
1064893460225
1064893461598
1064893518803
1064893538159
1064893641470
1440092410259
1440492914356
1440495899876
1440496182851
1440496185407
1440581855623
1440581856801
1440581856871
1440581856885
1440581876253
1440581877135
1440581900307
1440581904716
1440581935499
1440581935850
1440581935930
1440581940242
1440581950440
1440581982649
1440581982711
1440581982723
1440581990479
1440581991239
1440581991536
1442170017202
1442209536909
1442209553411
1442209855323
1064811222930
1064811237995
1064811258084
1064811323323
1064811325855
1064811326473
1064811434774
1064811446245
1064811454421
1064811455488
1064811460517
1064811460973
1064811468325
1064811482463
1064811484107
1064811647386
1064811674274
1064811681680
1064811687624
1064811814999
1064811880162
1064811889302
1064811892275
1064893151666
1064893152234
1064893153910
1064893153942
1064893173959
1064893205222
1064893437413
1064893449011
1064893466144
1064893466179
1064893466180
1064893486787
1064893488147
1064893511125
1064893518013
1064893524592
1064893529181
1064893535622
1064893537824
1064893576755
1064893621053
1064893621596
1064893640877
1440092221857
1440092222862
1440092530339
1440092539132
1440247374695
1440494805667
1440496182159
1440496183660
1440581855611
1440581856280
1440581920253
1440581920971
1440581935039
1440581935207
1440581935886
1440581935924
1440581951187
1440581985333
1440581990305
1440581990454
1442170015186
1442170016835
1442170017117
1442209537767
1442209551724
1442209865229
1442209891662
1064811227510
1064811229754
1064811237385
1064811327528
1064811440792
1064811453558
1064811454010
1064811454343
1064811468797
1064811656240
1064811659658
1064811685366
1064811870769
1064811871125
1064811872136
1064811882434
1064811891968
1064811894311
1064893150282
1064893177119
1064893179452
1064893203090
1064893434616
1064893437412
1064893470275
1064893470920
1064893471445
1064893472244
1064893473662
1064893473763
1064893475917
1064893483556
1064893486871
1064893486885
1064893512540
1064893513992
1064893515557
1064893520805
1064893527430
1064893534163
1064893620121
1064893620270
1064893621752
1440092220023
1440092221156
1440092221751
1440092536799
1440492288285
1440496184981
1440581877799
1440581909558
1440581917212
1440581920564
1440581920566
1440581935362
1440581935898
1440581935937
1440581935957
1440581935971
1440581935985
1440581961473
1440581964681
1440581980246
1440581981992
1440581984773
1440581986385
1440581989172
1440581992257
1440581992711
1442209552295
1442209552297
1442209883010
1442209891489
1064811222781
1064811236386
1064811254911
1064811328502
1064811443850
1064811455105
1064811668408
1064811683326
1064811689822
1064811870113
1064811874536
1064811888739
1064811890734
1064811892277
1064811892519
1064811898505
1064893174057
1064893177823
1064893186138
1064893187469
1064893189897
1064893203455
1064893205481
1064893453761
1064893471740
1064893471871
1064893484266
1064893489038
1064893525076
1064893528861
1064893537752
1064893558084
1064893573515
1064893574933
1440092221887
1440092429968
1440247361829
1440581855502
1440581855617
1440581856779
1440581856878
1440581857243
1440581857443
1440581877807
1440581922258
1440581926242
1440581935954
1440581939900
1440581980784
1442209883690
1442209898396
1064811222527
1064811227192
1064811228343
1064811320187
1064811421459
1064811443062
1064811443627
1064811448778
1064811448932
1064811456468
1064811460846
1064811463437
1064811469334
1064811502537
1064811640716
1064811657093
1064811674354
1064811881760
1064811890168
1064811895038
1064893152972
1064893174074
1064893205059
1064893430621
1064893464252
1064893467773
1064893471308
1064893480805
1064893481956
1064893488847
1064893514493
1064893516595
1064893519231
1064893536559
1064893537711
1064893578606
1064893622308
1440092221675
1440092411231
1440092530429
1440247367847
1440247373806
1440492916442
1440496180422
1440496182731
1440581832264
1440581855057
1440581856287
1440581856758
1440581857011
1440581857075
1440581857393
1440581866368
1440581876301
1440581920303
1440581923100
1440581935913
1440581935976
1440581985280
1440581990200
1442170014041
1442170015500
1442209515974
1442209890982
1064811220185
1064811221125
1064811222641
1064811224002
1064811238176
1064811320940
1064811429398
1064811441003
1064811446758
1064811448534
1064811448939
1064811451840
1064811452162
1064811454740
1064811455723
1064811460970
1064811641884
1064811646322
1064811652136
1064811667872
1064811670903
1064811673592
1064811816395
1064811885290
1064811886913
1064811891966
1064811892950
1064811895260
1064811898672
1064893150102
1064893159655
1064893171240
1064893172099
1064893174732
1064893182067
1064893186365
1064893454124
1064893454187
1064893466371
1064893471743
1064893486383
1064893488063
1064893488111
1064893488900
1064893513737
1064893516181
1064893518759
1064893524176
1064893526142
1064893527128
1064893529259
1064893534678
1064893535427
1064893574903
1064893623061
1064893629838
1440092220662
1440092221714
1440092410350
1440092422715
1440092531628
1440247369341
1440247375215
1440492237553
1440496181316
1440496188864
1440581855041
1440581855068
1440581857407
1440581877186
1440581901375
1440581910269
1440581961252
1440581961467
1440581982661
1440581990457
1442170023196
1442209551820
1442209551998
1442209882013
1064811321463
1064811322612
1064811446902
1064811450970
1064811459799
1064811467734
1064811646582
1064811661070
1064811663046
1064811669613
1064811883514
1064811893161
1064811897686
1064893170448
1064893173863
1064893188283
1064893223954
1064893437367
1064893449720
1064893466165
1064893466169
1064893486826
1064893521801
1064893524562
1064893531650
1064893533738
1064893535711
1064893570522
1064893573064
1064893579750
1064893620299
1064893621513
1064893629361
1440092220211
1440092220984
1440092410789
1440092411027
1440092427982
1440247362381
1440247367807
1440491410533
1440496181031
1440496184431
1440581855029
1440581855618
1440581879768
1440581904844
1440581966135
1440581980102
1440581981569
1440581981983
1440581982747
1440581990483
1440581992256
1442209551752
1442209897628
1064811220192
1064811222723
1064811257368
1064811326072
1064811421738
1064811424146
1064811433013
1064811438056
1064811442559
1064811449991
1064811465947
1064811469073
1064811480577
1064811622200
1064811656142
1064811670067
1064811683948
1064811892901
1064893151892
1064893173877
1064893175022
1064893187463
1064893203085
1064893432283
1064893436898
1064893440873
1064893444392
1064893456823
1064893459001
1064893482063
1064893518320
1064893524329
1064893524542
1064893527096
1064893528512
1064893532449
1064893621206
1064893623986
1440092220096
1440092221954
1440092225032
1440092537370
1440247362335
1440247367510
1440495817594
1440496180832
1440496188996
1440581837701
1440581855071
1440581856257
1440581857198
1440581857200
1440581921342
1440581926993
1440581940205
1440581940216
1440581961278
1440581966122
1440581966151
1440581981605
1440581983385
1440581984269
1440581989730
1440581991244
1440581991558
1440581992076
1442170015079
1442209538429
1064811227012
1064811227400
1064811258083
1064811323527
1064811329166
1064811423305
1064811447770
1064811447866
1064811452872
1064811460105
1064811468878
1064811484180
1064811621253
1064811640470
1064811644691
1064811647332
1064811655964
1064811657343
1064811880679
1064811886652
1064811891620
1064893171586
1064893177795
1064893180639
1064893188299
1064893453613
1064893459469
1064893466182
1064893467111
1064893475897
1064893487362
1064893494452
1064893525593
1064893535602
1064893537367
1064893539172
1064893553859
1064893620489
1064893622256
1064893623708
1440092411693
1440092538851
1440496180146
1440496187229
1440581833979
1440581855003
1440581857013
1440581857395
1440581858259
1440581920168
1440581921272
1440581925034
1440581935903
1440581945242
1440581980783
1440581982662
1440581982682
1440581982734
1440581987001
1440581992473
1442170022257
1442209533101
1442209551244
1442209855643
1442209890060
1442209895960
1064811222419
1064811222638
1064811227154
1064811227161
1064811423740
1064811445940
1064811460971
1064811486310
1064811620792
1064811652198
1064811653576
1064811655961
1064811680410
1064811685682
1064811813626
1064811816396
1064811874532
1064811881645
1064893152571
1064893173972
1064893176068
1064893209777
1064893457566
1064893475506
1064893475924
1064893482621
1064893486464
1064893487215
1064893526703
1064893526964
1064893532679
1064893574981
1064893621982
1064893641213
1064893641586
1064893642763
1440092426108
1440092530083
1440092530341
1440092534872
1440247367801
1440490929358
1440581838672
1440581855026
1440581856073
1440581856253
1440581857294
1440581857388
1440581901276
1440581913003
1440581964721
1440581981591
1440581982645
1440581982708
1442170002108
1442209535408
1442209535729
1442209536454
1442209551757
1442209551834
1442209553304
1442209885266
1064811227177
1064811233891
1064811238174
1064811325541
1064811429400
1064811447235
1064811460080
1064811466224
1064811640385
1064811644049
1064811653213
1064811658491
1064811661045
1064811884238
1064811893749
1064893152420
1064893153949
1064893153962
1064893170161
1064893434402
1064893436538
1064893440299
1064893461857
1064893466150
1064893466204
1064893486891
1064893499056
1064893519140
1064893527797
1064893536313
1064893538479
1064893539273
1064893625221
1064893626245
1064893629702
1440092413602
1440092530457
1440247367786
1440495816842
1440496180467
1440496181245
1440581833590
1440581838819
1440581839717
1440581857028
1440581857297
1440581866366
1440581913009
1440581926566
1440581935964
1440581980207
1440581992469
1440581994763
1442209535826
1442209885265
1442209895061
1064811222720
1064811254908
1064811328824
1064811437372
1064811468818
1064811500420
1064811502156
1064811641351
1064811656270
1064811660231
1064811669089
1064811675417
1064811676693
1064811684066
1064811689044
1064811816953
1064811886969
1064811887207
1064811898070
1064893155629
1064893170225
1064893171246
1064893174398
1064893178289
1064893208961
1064893223361
1064893225300
1064893460552
1064893480361
1064893485755
1064893499053
1064893512252
1064893514267
1064893517434
1064893527876
1064893531430
1064893534845
1064893539765
1064893570696
1064893620556
1064893625561
1064893625687
1064893629377
1440092220081
1440092220545
1440092414384
1440247373245
1440247376631
1440496184837
1440581834276
1440581855517
1440581866363
1440581901301
1440581921167
1440581923116
1440581935843
1440581935845
1442170004228
1442209885820
1442209891588
1442209895707
1064811222517
1064811236267
1064811256576
1064811324827
1064811328441
1064811421456
1064811432354
1064811443352
1064811461484
1064811644816
1064811653426
1064811666272
1064811686056
1064811814985
1064811887237
1064811895107
1064811896007
1064893178399
1064893179122
1064893200087
1064893203451
1064893203465
1064893466384
1064893475898
1064893486722
1064893489047
1064893525777
1064893525845
1064893526287
1064893571290
1064893623134
1440092412015
1440247361007
1440247371784
1440496181068
1440496182208
1440496185176
1440581857228
1440581857397
1440581858284
1440581858595
1440581866365
1440581901322
1440581923095
1440581935851
1440581945673
1440581961518
1440581982654
1440581982677
1440581991518
1440581991557
1442170003768
1442170024688
1442209883654
1064811327614
1064811328332
1064811446895
1064811449458
1064811463277
1064811467092
1064811502166
1064811667705
1064811684430
1064811687565
1064811688639
1064811872140
1064811878238
1064811881072
1064811885111
1064811897936
1064893151103
1064893153558
1064893153938
1064893153984
1064893189818
1064893204545
1064893225651
1064893470164
1064893514366
1064893518710
1064893518783
1064893519225
1064893519786
1064893533364
1064893537895
1064893628585
1064893628660
1440092221810
1440092530430
1440492386496
1440496182132
1440496188508
1440496189238
1440581855555
1440581855624
1440581856881
1440581857195
1440581879756
1440581901286
1440581935836
1440581981646
1440581981990
1440581990322
1442209551249
1064811222732
1064811227165
1064811228848
1064811233464
1064811322098
1064811450743
1064811451089
1064811451721
1064811463781
1064811463812
1064811468088
1064811484104
1064811641348
1064811643704
1064811657434
1064811681258
1064811681610
1064811874537
1064811878515
1064811883192
1064811887768
1064811887769
1064811898843
1064893152237
1064893153957
1064893154093
1064893175505
1064893179949
1064893204284
1064893204391
1064893228006
1064893482545
1064893488000
1064893489620
1064893512158
1064893515242
1064893524359
1064893528447
1064893535755
1064893577429
1064893621539
1440092227974
1440092429977
1440092530338
1440092531739
1440092535086
1440496188116
1440581855058
1440581856282
1440581879755
1440581904841
1440581905284
1440581914500
1440581926619
1440581935972
1440581942813
1440581964530
1440581966118
1440581981239
1440581981991
1440581983376
1440581990091
1440581990477
1440581991732
1440581992271
1440581992413
1440581992489
1440581992653
1442209528820
1442209537514
1442209539881
1442209884772
1442209896443
1064811222421
1064811222520
1064811257574
1064811447137
1064811450726
1064811451220
1064811463934
1064811467076
1064811647342
1064811666093
1064811666187
1064811668298
1064811812499
1064811817209
1064893150949
1064893153555
1064893155621
1064893176812
1064893177834
1064893179003
1064893203126
1064893431568
1064893431978
1064893453683
1064893460165
1064893482691
1064893489078
1064893510630
1064893511062
1064893511148
1064893511177
1064893511305
1064893522594
1064893533680
1064893533754
1064893570664
1064893621862
1064893629822
1440092221851
1440092222564
1440092414176
1440092428593
1440092531620
1440092534763
1440092539087
1440581832288
1440581839760
1440581855590
1440581857248
1440581857414
1440581901272
1440581901309
1440581901340
1440581910815
1440581923785
1440581935896
1440581951020
1440581951192
1440581964691
1440581980215
1440581992258
1442170024080
1442209538461
1442209865613
1442209882503
1442209897167
1064811222468
1064811222655
1064811227156
1064811325622
1064811422025
1064811424226
1064811436014
1064811444098
1064811447447
1064811448192
1064811454808
1064811455045
1064811458390
1064811459187
1064811469136
1064811481073
1064811638118
1064811658380
1064811673589
1064811878237
1064811881569
1064811882708
1064811883014
1064811884210
1064811895257
1064893155696
1064893179646
1064893180434
1064893205345
1064893224596
1064893451655
1064893460050
1064893463629
1064893466163
1064893470803
1064893470915
1064893479035
1064893479473
1064893481973
1064893487995
1064893496563
1064893510589
1064893514329
1064893527731
1064893529255
1064893530385
1064893571291
1064893621751
1064893641310
1440496184580
1440496184727
1440581837807
1440581856044
1440581857385
1440581857396
1440581879751
1440581904667
1440581921085
1440581923114
1440581923729
1440581943820
1440581981987
1440581981993
1440581982671
1442170015435
1442170023934
1442209535998
1442209537016
1442209551753
1442209883702
1442209885942
1442209895049
1064811222643
1064811321530
1064811435820
1064811442568
1064811453179
1064811466922
1064811650041
1064811665011
1064811870960
1064811872721
1064811874535
1064811885004
1064893152491
1064893158021
1064893174065
1064893178391
1064893179841
1064893179907
1064893189861
1064893439548
1064893442591
1064893460211
1064893465675
1064893466452
1064893470031
1064893471870
1064893480300
1064893488785
1064893489475
1064893489490
1064893489780
1064893518498
1064893519072
1064893525178
1064893535606
1064893624453
1064893625230
1440092414751
1440092422561
1440092535908
1440092537507
1440496181320
1440581835459
1440581837138
1440581855561
1440581855582
1440581856771
1440581857029
1440581857036
1440581857210
1440581877797
1440581901305
1440581921096
1440581935855
1440581964697
1440581981302
1440581987798
1440581992463
1442209536771
1442209883755
1064811221113
1064811227188
1064811236228
1064811320874
1064811425006
1064811439185
1064811442770
1064811447064
1064811450352
1064811450576
1064811455106
1064811456945
1064811458042
1064811466168
1064811644386
1064811644518
1064811661179
1064811666471
1064811685321
1064811872965
1064811895261
1064811895990
1064893153963
1064893174371
1064893204377
1064893460337
1064893466317
1064893483671
1064893488853
1064893499046
1064893517278
1064893526314
1064893526811
1064893570404
1064893624132
1064893641200
1440092412522
1440092413100
1440092422701
1440092530445
1440092534882
1440092534904
1440092536349
1440247366987
1440495899719
1440496181436
1440581835003
1440581839210
1440581856256
1440581857082
1440581857394
1440581901302
1440581920562
1440581921250
1440581923108
1440581930190
1440581935877
1440581935918
1440581987124
1440581987714
1440581987797
1440581989749
1442170039141
1442209554097
1064811222976
1064811235233
1064811434535
1064811445000
1064811445386
1064811454674
1064811460856
1064811463164
1064811465315
1064811500419
1064811644497
1064811650303
1064811652572
1064811658865
1064811668836
1064811676690
1064811689017
1064811814988
1064811895856
1064893150732
1064893151101
1064893153950
1064893170808
1064893179169
1064893453156
1064893458065
1064893458070
1064893468437
1064893471852
1064893479472
1064893487774
1064893489014
1064893491384
1064893522194
1064893524198
1064893529611
1064893620668
1440092226599
1440092411176
1440092538381
1440496182704
1440496183925
1440496184955
1440496188952
1440581835556
1440581837072
1440581837715
1440581855513
1440581856856
1440581857260
1440581877514
1440581908510
1440581931053
1440581935956
1440581950200
1440581985193
1440581990491
1440581992445
1440581992828
1442170017460
1442209539157
1064811222664
1064811223313
1064811227402
1064811233111
1064811255166
1064811257583
1064811325899
1064811444708
1064811459157
1064811463805
1064811463811
1064811467050
1064811502542
1064811502555
1064811623566
1064811644427
1064811644908
1064811683264
1064811685460
1064811686490
1064811810130
1064811880180
1064811892170
1064811892203
1064893150021
1064893172999
1064893176682
1064893204367
1064893204495
1064893450087
1064893463790
1064893466383
1064893466399
1064893481416
1064893512157
1064893515531
1064893520783
1064893528801
1064893535443
1064893550463
1064893558607
1064893573766
1064893574936
1064893623549
1064893623842
1440092530333
1440247367784
1440247367910
1440496182756
1440496183153
1440497804095
1440581856041
1440581857199
1440581857246
1440581901320
1440581901350
1440581920375
1440581939102
1440581951113
1440581983374
1440581987986
1440581990557
1440581992891
1440581993173
1442170015724
1442209554902
1442209557330
1442209894514
1064811222601
1064811222780
1064811237268
1064811254932
1064811255788
1064811428114
1064811450969
1064811451973
1064811452396
1064811455688
1064811456469
1064811459844
1064811464128
1064811489144
1064811660225
1064811667702
1064811669096
1064811682959
1064811814077
1064811874541
1064811874549
1064811881128
1064811881133
1064811885983
1064893174333
1064893200088
1064893207103
1064893431694
1064893437350
1064893437393
1064893476065
1064893488307
1064893496393
1064893524130
1064893530532
1064893539783
1064893539913
1064893620042
1064893624638
1064893625565
1064893641212
1064893642981
1440092222450
1440092410189
1440247368442
1440247373501
1440247373564
1440581836960
1440581855049
1440581855589
1440581856270
1440581856778
1440581904510
1440581935879
1440581935934
1440581945264
1440581945823
1440581950207
1440581961336
1440581980208
1440581990371
1440581992708
1440581993174
1442209539645
1442209551991
1442209890980
1064811222551
1064811222683
1064811256585
1064811323390
1064811423302
1064811449453
1064811457661
1064811459692
1064811460087
1064811469171
1064811487580
1064811656547
1064811687571
1064811814997
1064811816240
1064811870953
1064811888871
1064811889156
1064893151659
1064893152412
1064893178441
1064893179370
1064893184477
1064893204920
1064893205924
1064893437478
1064893454501
1064893465673
1064893475925
1064893476201
1064893480150
1064893482673
1064893489261
1064893489593
1064893512904
1064893513240
1064893521797
1064893525080
1064893530912
1064893531600
1064893570399
1064893622802
1064893640886
1440092411269
1440092531052
1440092531737
1440247375214
1440490922633
1440495813947
1440495899774
1440581839524
1440581866021
1440581901312
1440581920293
1440581924714
1440581935858
1440581951119
1440581981545
1440581990350
1440581991307
1442170038783
1442209525774
1442209537401
1442209551837
1442209865697
1442209884760
1442209891903
1442209893558
1442209897770
1064811239275
1064811328466
1064811440256
1064811451818
1064811457923
1064811458845
1064811467173
1064811500422
1064811639243
1064811654911
1064811656672
1064811664403
1064811688516
1064811885693
1064811890661
1064811896801
1064811899212
1064893151104
1064893153960
1064893184472
1064893205479
1064893222052
1064893460029
1064893466171
1064893487319
1064893487772
1064893489377
1064893521943
1064893529614
1064893532386
1064893535753
1064893537346
1064893537705
1064893557220
1064893570203
1064893621753
1064893625414
1440092220649
1440092530817
1440247367537
1440247367906
1440247375130
1440581855013
1440581856278
1440581857074
1440581857263
1440581875500
1440581904886
1440581935942
1440581940208
1440581989174
1440581990459
1440581992287
1442209855179
1442209865182
1442209885930
1064811222519
1064811235818
1064811250081
1064811322160
1064811326805
1064811328035
1064811328260
1064811431343
1064811441572
1064811441577
1064811445809
1064811448078
1064811453741
1064811468470
1064811480741
1064811489735
1064811681046
1064811872715
1064811884352
1064811894330
1064811899683
1064893151614
1064893152427
1064893153948
1064893179833
1064893183539
1064893222643
1064893460033
1064893475503
1064893475921
1064893479470
1064893485756
1064893489219
1064893517922
1064893521906
1064893531508
1064893571235
1064893621333
1440092414085
1440496181265
1440496184409
1440496186230
1440581856783
1440581857084
1440581857417
1440581876082
1440581904850
1440581923726
1440581935978
1440581980780
1440581982706
1440581986729
1440581987771
1440581991210
1442170017143
1442209535849
1442209552287
1442209885257
1442209891028
1442209895353
1064811222612
1064811227754
1064811329171
1064811438687
1064811440612
1064811446385
1064811448801
1064811454543
1064811456009
1064811640099
1064811640828
1064811642620
1064811645041
1064811650651
1064811654622
1064811660232
1064811666446
1064811667583
1064811675983
1064811680749
1064811687009
1064811892561
1064893178870
1064893184200
1064893205478
1064893457109
1064893463600
1064893463626
1064893466366
1064893466456
1064893480346
1064893481970
1064893519077
1064893520871
1064893524278
1064893524517
1064893539881
1064893571262
1064893578739
1064893629357
1440092534774
1440247367505
1440247367511
1440495812063
1440496181605
1440581856222
1440581856785
1440581857391
1440581857459
1440581866361
1440581901310
1440581901514
1440581932414
1440581935864
1440581983383
1440581987123
1440581989167
1440581992498
1442209538462
1442209865361
1442209883763
1442209885937
1064811232467
1064811321288
1064811434809
1064811436419
1064811441240
1064811461476
1064811465593
1064811468794
1064811486636
1064811642457
1064811646106
1064811661036
1064811666064
1064811669512
1064811675581
1064811682440
1064811811548
1064811886736
1064811887226
1064893153980
1064893157747
1064893170537
1064893189936
1064893209445
1064893431815
1064893437381
1064893449009
1064893453626
1064893460095
1064893466170
1064893484647
1064893487290
1064893496408
1064893511372
1064893517761
1064893525670
1064893526838
1064893530463
1064893531189
1064893572953
1064893577419
1064893621200
1064893622275
1440092220026
1440496180967
1440581832341
1440581837708
1440581855020
1440581855043
1440581855055
1440581856777
1440581857043
1440581877023
1440581920621
1440581940924
1440581952826
1440581985209
1440581990246
1440581991212
1440581991560
1440581992654
1440581994477
1441458480105
1442170017184
1442170039451
1442209526493
1442209527855
1442209528083
1442209883253
1064811257561
1064811324843
1064811328926
1064811449463
1064811451863
1064811453035
1064811462185
1064811489474
1064811644050
1064811670870
1064811683097
1064811687296
1064811874761
1064811883929
1064811890682
1064893151668
1064893152092
1064893152419
1064893171311
1064893174498
1064893205477
1064893447964
1064893453349
1064893453719
1064893466328
1064893486808
1064893521675
1064893525132
1064893528359
1064893536054
1064893539031
1064893621139
1064893622934
1064893629355
1440092220728
1440092412344
1440092423610
1440092530991
1440092534891
1440495899669
1440496180978
1440581855875
1440581856800
1440581857191
1440581901648
1440581913007
1440581931004
1440581935984
1440581950444
1440581982655
1440581983382
1440581991099
1440581991728
1440581992707
1440581993177
1440581994761
1442170002873
1442170017137
1442209885925
1442209885950
1442209892337
1442209894691
1064811258903
1064811320613
1064811326677
1064811432522
1064811440372
1064811453031
1064811454186
1064811455534
1064811466170
1064811655181
1064811667571
1064811687010
1064811687560
1064811688215
1064811876407
1064811886193
1064811891799
1064811897547
1064811899204
1064893153911
1064893171272
1064893174073
1064893183231
1064893203098
1064893205464
1064893207807
1064893431602
1064893453789
1064893466140
1064893466442
1064893479136
1064893486773
1064893487767
1064893496916
1064893515288
1064893515558
1064893534183
1064893538446
1064893572197
1064893620623
1064893629298
1440092421009
1440496181126
1440496185173
1440581837796
1440581839732
1440581855614
1440581856220
1440581876083
1440581879776
1440581901311
1440581901327
1440581904733
1440581908534
1440581920313
1440581935882
1440581945764
1440581980782
1440581981976
1440581982658
1440581984357
1440581991537
1442209553400
1442209854000
1064811322333
1064811446621
1064811468052
1064811644051
1064811656496
1064811661157
1064811663410
1064811668704
1064811815789
1064811881685
1064811881933
1064811890164
1064811892161
1064811895407
1064893153961
1064893157826
1064893159458
1064893178293
1064893180216
1064893189813
1064893205001
1064893223775
1064893229927
1064893434643
1064893437315
1064893451196
1064893466326
1064893469794
1064893481585
1064893486680
1064893488981
1064893496915
1064893499078
1064893511374
1064893512316
1064893519778
1064893521948
1064893524956
1064893527507
1064893529539
1064893533072
1064893535725
1064893570871
1064893621560
1064893624401
1064893625322
1064893628352
1064893629348
1440092222261
1440092222663
1440092222935
1440092535980
1440247376438
1440492923857
1440581832659
1440581833813
1440581835746
1440581855609
1440581855616
1440581855630
1440581856857
1440581857262
1440581902342
1440581935871
1440581943077
1440581961346
1440581963072
1440581981985
1440581992660
1442170015611
1064811224187
1064811325889
1064811434918
1064811442067
1064811442666
1064811447323
1064811457040
1064811460852
1064811462895
1064811645845
1064811647175
1064811650040
1064811650509
1064811651615
1064811654032
1064811654873
1064811668171
1064811668372
1064811668388
1064811674276
1064811818607
1064811872722
1064811880011
1064811884207
1064811890687
1064811897024
1064893151869
1064893155627
1064893178577
1064893179763
1064893180455
1064893182066
1064893204370
1064893435650
1064893453201
1064893463595
1064893464191
1064893465169
1064893466362
1064893467245
1064893467628
1064893476190
1064893484062
1064893487099
1064893513010
1064893522412
1064893525177
1064893553821
1064893620000
1064893621209
1064893623731
1064893625233
1440092225034
1440092539118
1440247377398
1440489954151
1440496180902
1440496181634
1440581832328
1440581856285
1440581857100
1440581857106
1440581857206
1440581857400
1440581875503
1440581901285
1440581904327
1440581920254
1440581920563
1440581937932
1440581980785
1440581983384
1440581990475
1440581992485
1440581992739
1440581995325
1442209539650
1442209552520
1442209883786
1442209885944
1442209895277
1064811231438
1064811233487
1064811320618
1064811326806
1064811463980
1064811467784
1064811639802
1064811644409
1064811668725
1064811689817
1064811870559
1064811885067
1064811885365
1064893157009
1064893170310
1064893176792
1064893187464
1064893201987
1064893203169
1064893453687
1064893466146
1064893478373
1064893480209
1064893481968
1064893488782
1064893514552
1064893518202
1064893527520
1064893527760
1064893529596
1064893577472
1064893626370
1064893629001
1064893629340
1440092220040
1440092530049
1440092530489
1440092531080
1440496180139
1440496180977
1440581835594
1440581855597
1440581857023
1440581857205
1440581877175
1440581920183
1440581921100
1440581921273
1440581951013
1440581964705
1440581991948
1442209539886
1442209867449
1064811221072
1064811227128
1064811227205
1064811227206
1064811227512
1064811237933
1064811257555
1064811426363
1064811441119
1064811443824
1064811444444
1064811446255
1064811454335
1064811465767
1064811465976
1064811483192
1064811638117
1064811644942
1064811650738
1064811657719
1064811668117
1064811686612
1064811810516
1064811874533
1064811881440
1064893151616
1064893154140
1064893155623
1064893183900
1064893200951
1064893203125
1064893434615
1064893456406
1064893457608
1064893460166
1064893510793
1064893522784
1064893526806
1064893527335
1064893621315
1064893622218
1064893623751
1064893623757
1440092413441
1440492910803
1440492920869
1440496180979
1440581855585
1440581855622
1440581856872
1440581908192
1440581913234
1440581944259
1440581946521
1440581961802
1440581966097
1440581966108
1440581989685
1440581991172
1440581992451
1440581992800
1440581995640
1442170023169
1442209551838
1442209855352
1442209885899
1442209891520
1064811222369
1064811229318
1064811235827
1064811257589
1064811453011
1064811464785
1064811658044
1064811659071
1064811681526
1064811686445
1064811877542
1064811877688
1064811884378
1064811889986
1064811892200
1064893150529
1064893151526
1064893155851
1064893173945
1064893178600
1064893204372
1064893205341
1064893437314
1064893467860
1064893485850
1064893488062
1064893518131
1064893518494
1064893524498
1064893526161
1064893529995
1064893538224
1064893623160
1064893625261
1064893642268
1440092530371
1440492910422
1440496180228
1440496180674
1440496181402
1440496182123
1440581831310
1440581855021
1440581855065
1440581855559
1440581855580
1440581855587
1440581856221
1440581857032
1440581857265
1440581857269
1440581908168
1440581935966
1440581937955
1440581940202
1440581961244
1440581961488
1440581982719
1440581989165
1440581990092
1440581990303
1440581990462
1440581991325
1442170015252
1442209551825
1442209891585
1064811326370
1064811447227
1064811449908
1064811452614
1064811454604
1064811458485
1064811641613
1064811656095
1064811656927
1064811667706
1064811682837
1064811683215
1064811874540
1064811885520
1064811889131
1064811899582
1064893155913
1064893156449
1064893204375
1064893437490
1064893451061
1064893466175
1064893486702
1064893489220
1064893496558
1064893497869
1064893519080
1064893526212
1064893528846
1064893533852
1064893535729
1064893578713
1064893621920
1440092414628
1440092427093
1440092427770
1440092537087
1440092538202
1440490924073
1440581855053
1440581855073
1440581855804
1440581855872
1440581877233
1440581901287
1440581920329
1440581935963
1440581941988
1440581947120
1440581982741
1440581990609
1440581991736
1440581992446
1064811219736
1064811219741
1064811232822
1064811233377
1064811253593
1064811254519
1064811320619
1064811328149
1064811328913
1064811423662
1064811446733
1064811456750
1064811459944
1064811462269
1064811463499
1064811502146
1064811502528
1064811626144
1064811638128
1064811643009
1064811645063
1064811645793
1064811679746
1064811686686
1064811688711
1064811819611
1064811874538
1064811874545
1064811877630
1064811892478
1064811898939
1064893170763
1064893204917
1064893223623
1064893436512
1064893450102
1064893459249
1064893464178
1064893467110
1064893471876
1064893471879
1064893481982
1064893524421
1064893526498
1064893536314
1064893536553
1064893538047
1064893571264
1064893622387
1064893641219
1440092221744
1440092530841
1440092531569
1440247360395
1440247367521
1440496184576
1440496185167
1440581855050
1440581855626
1440581856069
1440581866359
1440581877117
1440581923023
1440581935884
1440581982672
1440581982744
1440581985958
1440581990492
1440581991235
1440581991534
1442170015127
1442209855382
1442209895317
1442209898340
1064811234500
1064811325226
1064811424228
1064811440529
1064811446732
1064811453531
1064811454636
1064811457992
1064811458371
1064811459076
1064811462534
1064811469651
1064811627482
1064811655026
1064811658817
1064811667285
1064811669249
1064811684994
1064811811852
1064811812007
1064811880082
1064811885852
1064893174695
1064893179289
1064893179550
1064893179558
1064893189881
1064893228005
1064893437310
1064893440856
1064893451719
1064893456221
1064893456802
1064893458232
1064893458245
1064893467131
1064893511737
1064893519978
1064893524422
1064893531418
1064893624306
1064893626178
1064893626409
1064893641492
1440092220549
1440092220699
1440092222939
1440092223106
1440092410850
1440092532114
1440247373508
1440492913217
1440496180794
1440496181517
1440581855010
1440581855619
1440581856886
1440581901357
1440581904840
1440581921025
1440581921879
1440581951161
1440581985337
1440581990251
1440581992737
1440581995657
1441458480065
1442170019497
1442209885235
1442209885251
1064811238763
1064811254477
1064811428454
1064811447849
1064811450221
1064811456866
1064811502158
1064811641883
1064811643082
1064811660990
1064811661526
1064811819833
1064811881712
1064811892552
1064893157096
1064893433282
1064893461646
1064893466312
1064893468993
1064893484487
1064893496049
1064893510587
1064893514452
1064893515579
1064893518758
1064893524053
1064893528774
1064893529494
1064893529700
1064893537368
1064893539271
1064893551547
1064893570392
1064893574211
1064893577157
1064893622295
1064893625811
1064893629645
1064893643082
1440092411253
1440092413121
1440092420152
1440489953038
1440497808490
1440581832277
1440581855935
1440581857072
1440581876290
1440581879769
1440581904679
1440581904696
1440581920057
1440581961321
1440581961381
1440581964709
1440581990544
1441458403336
1442209524623
1442209524742
1442209551999
1442209554439
1442209554969
1064811328944
1064811421457
1064811437232
1064811440616
1064811448094
1064811485285
1064811502526
1064811647378
1064811649436
1064811649759
1064811669087
1064811677174
1064811872134
1064811891644
1064893173595
1064893174480
1064893434410
1064893437408
1064893445155
1064893453632
1064893457872
1064893483084
1064893487937
1064893489054
1064893496912
1064893512430
1064893512484
1064893518661
1064893518691
1064893518895
1064893533881
1064893537700
1064893538299
1064893554604
1064893574912
1064893621953
1064893621981
1440247376443
1440492925255
1440496180981
1440581855022
1440581856877
1440581901512
1440581920157
1440581942512
1440581951045
1440581961941
1440581981294
1440581983379
1440581983380
1440581989399
1440581992251
1442170039453
1442209525759
1442209528450
1442209885250
1442209885571
1442209896196
1064811227131
1064811227181
1064811252464
1064811320414
1064811322381
1064811322639
1064811326869
1064811327450
1064811329186
1064811447699
1064811454392
1064811456211
1064811456247
1064811463293
1064811643159
1064811674279
1064811682201
1064811687272
1064811880184
1064811883015
1064811884206
1064811895850
1064811898312
1064811899190
1064811899919
1064893173976
1064893203427
1064893205480
1064893207104
1064893449332
1064893453625
1064893462411
1064893463636
1064893474460
1064893485874
1064893518591
1064893525615
1064893525618
1064893527419
1064893529262
1064893557023
1064893559235
1064893570205
1064893621317
1064893622012
1064893624598
1064893626407
1064893629783
1440092222329
1440247373510
1440489952866
1440489954146
1440581855005
1440581855064
1440581857202
1440581921005
1440581935123
1440581961243
1440581982726
1442170023209
1442209525224
1442209531365
1442209883005
1442209884765
1442209895875
1064811222542
1064811223235
1064811223323
1064811326324
1064811328363
1064811426469
1064811437183
1064811440242
1064811441574
1064811443314
1064811454380
1064811457689
1064811460331
1064811465712
1064811488278
1064811502149
1064811626751
1064811643162
1064811643602
1064811644716
1064811670083
1064811673619
1064811679223
1064811680246
1064811682957
1064811688076
1064811872980
1064893156285
1064893172100
1064893180452
1064893201408
1064893432361
1064893454192
1064893466172
1064893475923
1064893479103
1064893485000
1064893487705
1064893512305
1064893514007
1064893525183
1064893528442
1064893529789
1064893533417
1064893535111
1064893553715
1064893571380
1064893575851
1064893577256
1064893622409
1064893629354
1440092411703
1440092426445
1440092428231
1440247373504
1440490929695
1440495899847
1440496180653
1440496181877
1440496182324
1440496182874
1440581857291
1440581866358
1440581877176
1440581942289
1442170015509
1442209553385
1442209895050
1442209898645
1064811219942
1064811222543
1064811224479
1064811227184
1064811257584
1064811324764
1064811442768
1064811451411
1064811454240
1064811458332
1064811460085
1064811464524
1064811468501
1064811644940
1064811660972
1064811664261
1064811675586
1064811680519
1064811684710
1064811685574
1064811685882
1064811816359
1064811890163
1064893173990
1064893178286
1064893449749
1064893458049
1064893466174
1064893485303
1064893487186
1064893498161
1064893499080
1064893512828
1064893521086
1064893521882
1064893522263
1064893524034
1064893553713
1064893623709
1440092220789
1440092412194
1440496180693
1440496181472
1440496188954
1440581855512
1440581857186
1440581857445
1440581901304
1440581901307
1440581905690
1440581914574
1440581923018
1440581935906
1440581938507
1440581982660
1440581988325
1440581991535
1440581992482
1440581992796
1442170002613
1442170015662
1442170023807
1442209557331
1442209884500
1442209884768
1442209885900
1064811223932
1064811227163
1064811229752
1064811233704
1064811239924
1064811458863
1064811465534
1064811481591
1064811641568
1064811644883
1064811645093
1064811650648
1064811656151
1064811682895
1064811682962
1064811874546
1064811888613
1064811890962
1064811897541
1064893154339
1064893203121
1064893221341
1064893437378
1064893487400
1064893487537
1064893518623
1064893520817
1064893524140
1064893528850
1064893529343
1064893532090
1064893558624
1064893571263
1064893625276
1440092220976
1440092221703
1440092422060
1440092422239
1440092530443
1440092530455
1440092530548
1440247367798
1440490929013
1440496181635
1440496183510
1440581855625
1440581855628
1440581857208
1440581857384
1440581867226
1440581935929
1440581951155
1440581952697
1440581982702
1440581992712
1442209538457
1064811227203
1064811233177
1064811321125
1064811328276
1064811448707
1064811460679
1064811465313
1064811468032
1064811621528
1064811642941
1064811643115
1064811647330
1064811667044
1064811668905
1064811680409
1064811681700
1064811687100
1064811688589
1064811886375
1064811897544
1064893155630
1064893170794
1064893173040
1064893174014
1064893177832
1064893189792
1064893203086
1064893205484
1064893433739
1064893444232
1064893459246
1064893463601
1064893465661
1064893466145
1064893471741
1064893486729
1064893487952
1064893488568
1064893489303
1064893510223
1064893511853
1064893514128
1064893514556
1064893515539
1064893517531
1064893521615
1064893531956
1064893532450
1064893533682
1064893621188
1064893628399
1440092220363
1440092421218
1440247360666
1440492916131
1440495813877
1440496181078
1440496182803
1440581830466
1440581835468
1440581856068
1440581856070
1440581856775
1440581856782
1440581901331
1440581935841
1440581935908
1440581964535
1440581966133
1440581982226
1442170003613
1442209528616
1064811222895
1064811227118
1064811237862
1064811321488
1064811329176
1064811436635
1064811440913
1064811442600
1064811454255
1064811457326
1064811463489
1064811465807
1064811467759
1064811469186
1064811469347
1064811481713
1064811502121
1064811644529
1064811661153
1064811680571
1064811682840
1064811686357
1064811687601
1064811886379
1064811892958
1064811899779
1064893152082
1064893157980
1064893177972
1064893178350
1064893179252
1064893203340
1064893437371
1064893466343
1064893475502
1064893480923
1064893485754
1064893515293
1064893517090
1064893519032
1064893520040
1064893521841
1064893523997
1064893528829
1064893528841
1064893539099
1064893622953
1064893628264
1440092412305
1440092426433
1440092537444
1440247370238
1440496184993
1440496185375
1440581833330
1440581834666
1440581855583
1440581856807
1440581857098
1440581912253
1440581920370
1440581935872
1440581935888
1440581952522
1440581982657
1440581990106
1440581990451
1440581991154
1440581991561
1440581992704
1442170021348
1442209538454
1442209883619
1442209885886
1442209885941
1442209893773
1442209895078
1064811221112
1064811221347
1064811222668
1064811223975
1064811329896
1064811421458
1064811451944
1064811460073
1064811460435
1064811465429
1064811468089
1064811645779
1064811647004
1064811650601
1064811658960
1064811668123
1064811668521
1064811688115
1064811870546
1064811872969
1064811884977
1064893151875
1064893152577
1064893171148
1064893179447
1064893180043
1064893205000
1064893449780
1064893451199
1064893454075
1064893456789
1064893460143
1064893460449
1064893476073
1064893476798
1064893485140
1064893485205
1064893492126
1064893496551
1064893519369
1064893526753
1064893527270
1064893527786
1064893528276
1064893622041
1064893626862
1440092221946
1440092410187
1440247360336
1440247367504
1440247369339
1440496180269
1440496181287
1440496181751
1440581832550
1440581833815
1440581866360
1440581877126
1440581901337
1440581901522
1440581909201
1440581914541
1440581923125
1440581937764
1440581984361
1440581987129
1440581991552
1440581992284
1440581992285
1440581999022
1442209537495
1442209538460
1442209865614
1442209885817
1442209890887
1442209891528
1064811222734
1064811222847
1064811329572
1064811447836
1064811455587
1064811458837
1064811459231
1064811459313
1064811468777
1064811644650
1064811644822
1064811653491
1064811660089
1064811665637
1064811685224
1064811688818
1064811872718
1064811874551
1064811876678
1064811898535
1064893155504
1064893170524
1064893178421
1064893178648
1064893189629
1064893205224
1064893467649
1064893476198
1064893479679
1064893484057
1064893489635
1064893513275
1064893527156
1064893528421
1064893530554
1064893622912
1440092530153
1440092530600
1440092531752
1440092531761
1440496185663
1440496188801
1440581837152
1440581856249
1440581856272
1440581856788
1440581856874
1440581856879
1440581857197
1440581857245
1440581857249
1440581877149
1440581904920
1440581965106
1440581986251
1440581990499
1440581990513
1440581994520
1442209538456
1442209551835
1442209891054
1064811236117
1064811252747
1064811257802
1064811320021
1064811325610
1064811326551
1064811428240
1064811437220
1064811445171
1064811458109
1064811461721
1064811652202
1064811658357
1064811666731
1064811666920
1064811676625
1064811870052
1064811876453
1064893174389
1064893206333
1064893486565
1064893487640
1064893489003
1064893526650
1064893534154
1064893534291
1064893534679
1064893539795
1064893570616
1064893620072
1064893623028
1064893626582
1064893641218
1440092411243
1440092530456
1440495899782
1440496184626
1440581855876
1440581856851
1440581857457
1440581866362
1440581901352
1440581923499
1440581935862
1440581935921
1440581961342
1440581961348
1440581964686
1440581982689
1440581987122
1440581992264
1442170023492
1442170039452
1442209537008
1442209538458
1442209885943
1064811226769
1064811324915
1064811438117
1064811444374
1064811445040
1064811446316
1064811462914
1064811464460
1064811465318
1064811468091
1064811485404
1064811487094
1064811644941
1064811666848
1064811882272
1064811889791
1064811897272
1064811899831
1064893153955
1064893203089
1064893205472
1064893437305
1064893437394
1064893461652
1064893471851
1064893479135
1064893484530
1064893486809
1064893513315
1064893518000
1064893518487
1064893526708
1064893529871
1064893573768
1064893621024
1064893622407
1064893623241
1064893627481
1064893629977
1440092220141
1440490925451
1440496181440
1440496184465
1440496185478
1440581855604
1440581856035
1440581857192
1440581857213
1440581857429
1440581877150
1440581901339
1440581935870
1440581935945
1440581935969
1440581938426
1440581961395
1440581981986
1440581991163
1442170017185
1442209537511
1442209551445
1442209557332
1442209885258
1442209897416
1064811222964
1064811227207
1064811323859
1064811326271
1064811327084
1064811421391
1064811438049
1064811446747
1064811459748
1064811464616
1064811466797
1064811468862
1064811502786
1064811651528
1064811652686
1064811666113
1064811667787
1064811675571
1064811875350
1064811883592
1064811894243
1064811895152
1064893155900
1064893170000
1064893170444
1064893176763
1064893189929
1064893205466
1064893224595
1064893228472
1064893451028
1064893453491
1064893458022
1064893466148
1064893471877
1064893481634
1064893483083
1064893485050
1064893486380
1064893488146
1064893488305
1064893489437
1064893489633
1064893511158
1064893511290
1064893525162
1064893528195
1064893536773
1064893538457
1064893620562
1064893622339
1440247367500
1440496182112
1440581838214
1440581838573
1440581855044
1440581857097
1440581857108
1440581857201
1440581905011
1440581935981
1440581981660
1440581981977
1440581982690
1440581990342
1440581991229
1440581991313
1442170023148
1442209529994
1442209884773
1442209885261
1442209885946
1064811222894
1064811222980
1064811234752
1064811322235
1064811322366
1064811325579
1064811420723
1064811450751
1064811451390
1064811454332
1064811456995
1064811465319
1064811468319
1064811502139
1064811646094
1064811651680
1064811658350
1064811662024
1064811885005
1064811885694
1064811890140
1064811897766
1064811898681
1064893150120
1064893152987
1064893155674
1064893171184
1064893171233
1064893172017
1064893181014
1064893204497
1064893453154
1064893458072
1064893461856
1064893476070
1064893486728
1064893511480
1064893519051
1064893522350
1064893525161
1064893527479
1064893539971
1064893570939
1064893571261
1064893571857
1064893576757
1064893577461
1064893641221
1440092412021
1440092530463
1440092530973
1440092532058
1440092532257
1440495899973
1440496187238
1440581855054
1440581856046
1440581856275
1440581856753
1440581857034
1440581857207
1440581920804
1440581921115
1440581945868
1440581982646
1440581982697
1440581987121
1440581992662
1442170002109
1442170019486
1442209532112
1442209536493
1442209551993
1442209554088
1442209883270
1442209895264
1064811222644
1064811227159
1064811229753
1064811320100
1064811326879
1064811445466
1064811452315
1064811453020
1064811455099
1064811464335
1064811626309
1064811674269
1064811677164
1064811680508
1064811816242
1064811817084
1064811878198
1064811883726
1064811891030
1064811896980
1064811899262
1064893155116
1064893204363
1064893476204
1064893484949
1064893512291
1064893512556
1064893521688
1064893522777
1064893527966
1064893536707
1064893538451
1064893538814
1064893539254
1064893623750
1064893625614
1440092221864
1440092412688
1440092530441
1440092531581
1440092534730
1440495813121
1440496182058
1440581830302
1440581855600
1440581856049
1440581856071
1440581856887
1440581857080
1440581904866
1440581923063
1440581926539
1440581935887
1440581935983
1440581938375
1440581940240
1440581961866
1440581980101
1440581990095
1440581990541
1440581991238
1442209537308
1442209537647
1442209883780
1442209894543
1064811223028
1064811235900
1064811236421
1064811321718
1064811325561
1064811326762
1064811439546
1064811442051
1064811447644
1064811451192
1064811458833
1064811460674
1064811659357
1064811870107
1064811872967
1064811880187
1064893153916
1064893158146
1064893430946
1064893431198
1064893458220
1064893466391
1064893471742
1064893486554
1064893487532
1064893488871
1064893518760
1064893529205
1064893529943
1064893534192
1064893535992
1064893536109
1064893537726
1064893574898
1064893620183
1064893621312
1064893621970
1064893626373
1064893640707
1440247369340
1440490926353
1440496180785
1440496180983
1440496181587
1440496182085
1440581839678
1440581855046
1440581855612
1440581855632
1440581856254
1440581875960
1440581909614
1440581913081
1440581935911
1440581961349
1440581961998
1440581980210
1440581990472
1440581992263
1440581992497
1440581994365
1442209515917
1442209533728
1442209538451
1442209551645
1442209885264
1442209896546
1064811220834
1064811223733
1064811324452
1064811324838
1064811326442
1064811430773
1064811440100
1064811449759
1064811450217
1064811655643
1064811656261
1064811675418
1064811680097
1064811689268
1064811870784
1064811874542
1064811898662
1064811898943
1064893175503
1064893177262
1064893181403
1064893203034
1064893209654
1064893221291
1064893221968
1064893453642
1064893463568
1064893466143
1064893476833
1064893480800
1064893487314
1064893496911
1064893499909
1064893527142
1064893533415
1064893535757
1064893570667
1064893572975
1440092414282
1440092534865
1440490929628
1440496184305
1440581855014
1440581855596
1440581855627
1440581875504
1440581879757
1440581903990
1440581904577
1440581920187
1440581920637
1440581930515
1440581930542
1440581961234
1440581982687
1440581992657
1440581994456
1440581997449
1442170019478
1064811222575
1064811222730
1064811223195
1064811227169
1064811320135
1064811320367
1064811326861
1064811328787
1064811440302
1064811446282
1064811447700
1064811458329
1064811502720
1064811654685
1064811654913
1064811676768
1064811687097
1064811814281
1064811874534
1064811885833
1064811889559
1064811899955
1064893151592
1064893156971
1064893170734
1064893173365
1064893173904
1064893185909
1064893455799
1064893462113
1064893466464
1064893489337
1064893513253
1064893515556
1064893532075
1064893533071
1064893622118
1064893623173
1064893626411
1440092412646
1440092530043
1440092535156
1440247367804
1440492922868
1440492929126
1440581835975
1440581855060
1440581855078
1440581857218
1440581857239
1440581857430
1440581935842
1440581935933
1440581935952
1440581944333
1440581961248
1440581964527
1440581985324
1440581991727
1442170003108
1442170003818
1442170017129
1442170024303
1442209538453
1442209883001
1442209891372
1442209898644
1064811257568
1064811259768
1064811440073
1064811441002
1064811445001
1064811445189
1064811463728
1064811467271
1064811639165
1064811647331
1064811684064
1064811876833
1064811884305
1064811885828
1064811886856
1064893150711
1064893152422
1064893189943
1064893224600
1064893462112
1064893470799
1064893477479
1064893484570
1064893486495
1064893491845
1064893498167
1064893511235
1064893517038
1064893518115
1064893518129
1064893518488
1064893526813
1064893539792
1064893553449
1064893574932
1064893621507
1064893621573
1064893623707
1440092412900
1440092414461
1440495899898
1440496180596
1440496181636
1440496181967
1440496184366
1440496185247
1440581830894
1440581835829
1440581836775
1440581876520
1440581877119
1440581901283
1440581935861
1440581980318
1440581980781
1440581990819
1440581992272
1440581994941
1442209551932
1442209551995
1442209883783
1442209885949
1064811227171
1064811239948
1064811256548
1064811321329
1064811323381
1064811446354
1064811446616
1064811447362
1064811447642
1064811452210
1064811455369
1064811457600
1064811462753
1064811623626
1064811646357
1064811688329
1064811891770
1064811898392
1064893153654
1064893175509
1064893204376
1064893205564
1064893453688
1064893466167
1064893489062
1064893518288
1064893519071
1064893522197
1064893522983
1064893527155
1064893529498
1064893628366
1064893629349
1440092414306
1440092534799
1440489954259
1440496181051
1440496183744
1440581834835
1440581856759
1440581857088
1440581857220
1440581901306
1440581920156
1440581920211
1440581961345
1440581982084
1440581982642
1440581983378
1440581992283
1442170002104
1442170004032
1442209526821
1064811219743
1064811222672
1064811227105
1064811227151
1064811227514
1064811239921
1064811320005
1064811321323
1064811325950
1064811326479
1064811327279
1064811440994
1064811445674
1064811461447
1064811465720
1064811484165
1064811640965
1064811645046
1064811654899
1064811656661
1064811672047
1064811674846
1064811681233
1064811874547
1064811885021
1064893151177
1064893155632
1064893200974
1064893437372
1064893439103
1064893462102
1064893465188
1064893466203
1064893466327
1064893474302
1064893481974
1064893487750
1064893489630
1064893489636
1064893511784
1064893512286
1064893523121
1064893524177
1064893528832
1064893531187
1064893574900
1064893621095
1064893621417
1064893621991
1064893622472
1440092229264
1440092412325
1440092414299
1440092428882
1440092530447
1440092530966
1440247367509
1440496181052
1440496183947
1440581855836
1440581856883
1440581857184
1440581921447
1440581926086
1440581935920
1440581951753
1440581982680
1440581985201
1442209885255
1442209892624
1064811222726
1064811250475
1064811322765
1064811454553
1064811456126
1064811461652
1064811463912
1064811657083
1064811664712
1064811664974
1064811674296
1064811882893
1064811883519
1064811885666
1064811886443
1064811891995
1064811899643
1064893151620
1064893151646
1064893151898
1064893155620
1064893187465
1064893443539
1064893451706
1064893454647
1064893457536
1064893458204
1064893466369
1064893469779
1064893480172
1064893495961
1064893517436
1064893517797
1064893518902
1064893526761
1064893527869
1064893529208
1064893538256
1064893574907
1064893577469
1064893577993
1064893620087
1064893622104
1064893623489
1440092410534
1440092429755
1440092535357
1440247367789
1440581856050
1440581856085
1440581857048
1440581857081
1440581857105
1440581901329
1440581920177
1440581920297
1440581935914
1440581937950
1440581940639
1440581944267
1440581951201
1440581989173
1440581992392
1442170013784
1442209554939
1442209855037
1442209855327
1442209896228
1064811222462
1064811238038
1064811238129
1064811420547
1064811441109
1064811444203
1064811445305
1064811448569
1064811449282
1064811457237
1064811457550
1064811465347
1064811645062
1064811645333
1064811680502
1064811683792
1064811688728
1064811819613
1064811880461
1064811884638
1064811884683
1064811886554
1064811887922
1064811890605
1064811896988
1064811897511
1064893155631
1064893204369
1064893228020
1064893229989
1064893433117
1064893468448
1064893487824
1064893526648
1064893527406
1064893571357
1064893620093
1440092222026
1440092227339
1440092420192
1440495815281
1440496181014
1440581855036
1440581855056
1440581855069
1440581856074
1440581857087
1440581901308
1440581920251
1440581935907
1440581961272
1440581981981
1440581982666
1440581982698
1440581987003
1440581987118
1440581990552
1440581992486
1440581992795
1442170039450
1442209526498
1442209526787
1442209537509
1442209885892
1442209892561
1064811252429
1064811422538
1064811442493
1064811443348
1064811449197
1064811463780
1064811466084
1064811466446
1064811484110
1064811668586
1064811674588
1064811871172
1064811881581
1064811885646
1064811887896
1064893170432
1064893173176
1064893174184
1064893177985
1064893178035
1064893205342
1064893207885
1064893228369
1064893430616
1064893453686
1064893466313
1064893486735
1064893529256
1064893529278
1064893530206
1064893535724
1064893620846
1064893622914
1064893625268
1440092223686
1440492925260
1440492925703
1440581837195
1440581837556
1440581838918
1440581856281
1440581857044
1440581866352
1440581866357
1440581901342
1440581935890
1440581982643
1440581982691
1440581986205
1440581989073
1440581990282
1440581990843
1440581991556
1440581994513
1442209858300
1442209885253
1442209885958
1064811227214
1064811322709
1064811327378
1064811328041
1064811423663
1064811427228
1064811440872
1064811447830
1064811448753
1064811454333
1064811480635
1064811655857
1064811667769
1064811673906
1064811675590
1064811687568
1064811688183
1064811814083
1064811874539
1064811876832
1064811877675
1064811881146
1064893155873
1064893172106
1064893173675
1064893179288
1064893180198
1064893200050
1064893203064
1064893204008
1064893433283
1064893460079
1064893461861
1064893465542
1064893488178
1064893512269
1064893517969
1064893521695
1064893524564
1064893529215
1064893533611
1064893534703
1064893534738
1064893538456
1064893552565
1064893570690
1064893579100
1064893623705
1440092220417
1440092221952
1440092531809
1440092534901
1440092535420
1440247367785
1440247370116
1440496188085
1440581832816
1440581838596
1440581855008
1440581856780
1440581856889
1440581858285
1440581879752
1440581922736
1440581935923
1440581935947
1440581949252
1440581983208
1440581990463
1440581991221
1440581992441
1440581992476
1442170004070
1442170037885
1442209539649
1442209895759
1064811238169
1064811323543
1064811443955
1064811444823
1064811449185
1064811457434
1064811462605
1064811465676
1064811654399
1064811663651
1064893151678
1064893152413
1064893157832
1064893170009
1064893174445
1064893180460
1064893183232
1064893204390
1064893205468
1064893207105
1064893431882
1064893449660
1064893453438
1064893453673
1064893481726
1064893484350
1064893512153
1064893514373
1064893518797
1064893519812
1064893519837
1064893521803
1064893525017
1064893526295
1064893529782
1064893535730
1064893622498
1064893623132
1440092530152
1440489959873
1440496180695
1440496181261
1440496181492
1440496184755
1440581855024
1440581855045
1440581856269
1440581856875
1440581866364
1440581876024
1440581877123
1440581877804
1440581904807
1440581944871
1440581950494
1440581961807
1440581966121
1440581983372
1440581990250
1440581991171
1440581991538
1442209551433
1442209551836
1442209855642
1442209855739
1442209865696
1442209883624
1442209885260
1442209891326
1442209896300
1064811221115
1064811254919
1064811322360
1064811451409
1064811502136
1064811502521
1064811650201
1064811654031
1064811657767
1064811661111
1064811667157
1064811685927
1064811897629
1064811898784
1064893156386
1064893172668
1064893177857
1064893183479
1064893188280
1064893439565
1064893439580
1064893458335
1064893465170
1064893466142
1064893482834
1064893485181
1064893486646
1064893490367
1064893496411
1064893512393
1064893529493
1064893539818
1064893578731
1064893622630
1064893627853
1440092420091
1440092421541
1440092530844
1440494805760
1440581855074
1440581855877
1440581856873
1440581857096
1440581857103
1440581879758
1440581921058
1440581921971
1440581935837
1440581935847
1440581935901
1440581937465
1440581940206
1440581982669
1440581982675
1440581982693
1440581991559
1440581993140
1442170015371
1442209538463
1442209890203
1442209891346
1064811221102
1064811222460
1064811236028
1064811324734
1064811325801
1064811326496
1064811434304
1064811441573
1064811448705
1064811453612
1064811461434
1064811462442
1064811646348
1064811667371
1064811684279
1064811687015
1064811688673
1064811688686
1064811813952
1064811872972
1064811880140
1064811893561
1064811898619
1064811899250
1064893151540
1064893180616
1064893204919
1064893430617
1064893439536
1064893452023
1064893457718
1064893466331
1064893466364
1064893471323
1064893475943
1064893482905
1064893487997
1064893494312
1064893495709
1064893515518
1064893524993
1064893534082
1064893538265
1064893539910
1064893577251
1440092221761
1440092427974
1440092530988
1440092539574
1440247373568
1440247376838
1440581837368
1440581855031
1440581855035
1440581855584
1440581855605
1440581856039
1440581856750
1440581857387
1440581858349
1440581877133
1440581901303
1440581921126
1440581930534
1440581935846
1440581935860
1440581937362
1440581944258
1440581982713
1440581985197
1440581992454
1442170022282
1442209525489
1442209529061
1442209537510
1442209551751
1442209885263
1442209885818
1064811222515
1064811227755
1064811254918
1064811257389
1064811325532
1064811325621
1064811325948
1064811441346
1064811446652
1064811461075
1064811462201
1064811464747
1064811466050
1064811466622
1064811645583
1064811651138
1064811655962
1064811661043
1064811668384
1064811668726
1064811680520
1064811817647
1064811879312
1064811897918
1064811898523
1064893153912
1064893170019
1064893178018
1064893178813
1064893185879
1064893204491
1064893205343
1064893438984
1064893459823
1064893465676
1064893476188
1064893486463
1064893487306
1064893487392
1064893496850
1064893513326
1064893515285
1064893519838
1064893520318
1064893525079
1064893539261
1064893622497
1064893622612
1064893626405
1440496189013
1440581855009
1440581855802
1440581855873
1440581856084
1440581856271
1440581856806
1440581857015
1440581857026
1440581857247
1440581901336
1440581920031
1440581920188
1440581921951
1440581923976
1440581947010
1440581980774
1440581990467
1440581992455
1442170010282
1442170021369
1442170021478
1442209538464
1442209539059
1442209539784
1442209551992
1442209895323
1442209898643
1064811232157
1064811254929
1064811258008
1064811431688
1064811435927
1064811450961
1064811454060
1064811456604
1064811458049
1064811458657
1064811464517
1064811465312
1064811643674
1064811656503
1064811659351
1064811670896
1064811819026
1064811880010
1064811881124
1064811888241
1064811897278
1064811899981
1064893152414
1064893152569
1064893153958
1064893154095
1064893155146
1064893157431
1064893172977
1064893178426
1064893179552
1064893180206
1064893203129
1064893225506
1064893444912
1064893461024
1064893463564
1064893466181
1064893467138
1064893481837
1064893488756
1064893490967
1064893499048
1064893512337
1064893526765
1064893527889
1064893534221
1064893536160
1064893552430
1064893570698
1064893578995
1064893641208
1440092220935
1440092221815
1440092221994
1440092222511
1440092423637
1440092427977
1440092534870
1440247374585
1440496182209
1440496188495
1440581836578
1440581855028
1440581855878
1440581856053
1440581856808
1440581857079
1440581857460
1440581901289
1440581909671
1440581920190
1440581920861
1440581940746
1440581951216
1440581962227
1440581991458
1440581992480
1440581992496
1442170002723
1442209525488
1442209533076
1442209885252
1064811223902
1064811255471
1064811320020
1064811321512
1064811327284
1064811442365
1064811442490
1064811444352
1064811446734
1064811448646
1064811450773
1064811451540
1064811456729
1064811459704
1064811463226
1064811469498
1064811486688
1064811650389
1064811652943
1064811652981
1064811654759
1064811659446
1064811667767
1064811670682
1064811683279
1064811880443
1064811885422
1064811890579
1064811896136
1064811898892
1064893170192
1064893180203
1064893180210
1064893207637
1064893453183
1064893454087
1064893457042
1064893464429
1064893466173
1064893466396
1064893485057
1064893486202
1064893486741
1064893487219
1064893510098
1064893526809
1064893529780
1064893530712
1064893643104
1440092220230
1440092220711
1440092411109
1440092413482
1440092530307
1440247373572
1440247375031
1440496187743
1440581857047
1440581857259
1440581858253
1440581876081
1440581944269
1440581964701
1440581964989
1440581982733
1440581997486
1442170039454
1442209537496
1442209537506
1442209551759
1442209883691
1442209885935
1442209891649
1442209895124
1442209895646
1442209897386
1064811226198
1064811259769
1064811323738
1064811328925
1064811329173
1064811423309
1064811440867
1064811451559
1064811455438
1064811467786
1064811655510
1064811657883
1064811665969
1064811674515
1064811876398
1064811891003
1064893151347
1064893153913
1064893172560
1064893177939
1064893229919
1064893453451
1064893461997
1064893479936
1064893481428
1064893486536
1064893488001
1064893511791
1064893512869
1064893525873
1064893528201
1064893535101
1064893625357
1440092223347
1440092225395
1440092413860
1440092427976
1440092531243
1440247361303
1440247375416
1440247375507
1440489952861
1440496189355
1440581834246
1440581838752
1440581855577
1440581855610
1440581855988
1440581856786
1440581857187
1440581877121
1440581877179
1440581902251
1440581935961
1440581947011
1440581950497
1440581990327
1440581992655
1442170015592
1442209519819
1442209519892
1442209538466
1442209538467
1442209551817
1442209553386
1442209885262
1064811222523
1064811236231
1064811322364
1064811323259
1064811424414
1064811440291
1064811443492
1064811444912
1064811446944
1064811448868
1064811466173
1064811503281
1064811646366
1064811666681
1064811670871
1064811681670
1064811875349
1064811883393
1064811891997
1064811896790
1064893155634
1064893155680
1064893172474
1064893172517
1064893176980
1064893177921
1064893445456
1064893461744
1064893468171
1064893482791
1064893483393
1064893499110
1064893511527
1064893518800
1064893526484
1064893528690
1064893529321
1064893531772
1064893534086
1064893538807
1064893570613
1064893571289
1064893572992
1064893579239
1064893625851
1440092221648
1440092413123
1440092530910
1440092531631
1440092534775
1440092534827
1440247361307
1440247373507
1440497801181
1440581832317
1440581839221
1440581856273
1440581856284
1440581857024
1440581857240
1440581877795
1440581901284
1440581935045
1440581935953
1440581940241
1440581966142
1440581981984
1440581989166
1442170017065
1442209539096
1442209551997
1442209553303
1064811227041
1064811238168
1064811323026
1064811325891
1064811461379
1064811469497
1064811502550
1064811661105
1064811669390
1064811685893
1064811811119
1064811883084
1064893178026
1064893179170
1064893179453
1064893188324
1064893203460
1064893204368
1064893204656
1064893434180
1064893461854
1064893465534
1064893479687
1064893487668
1064893487914
1064893512692
1064893518535
1064893522498
1064893527101
1064893528693
1064893532532
1064893533003
1064893534194
1064893534851
1064893570876
1064893621550
1064893621992
1064893622936
1064893624977
1064893626246
1064893642282
1064893643048
1440092530990
1440494805126
1440496180942
1440496181011
1440581834108
1440581855629
1440581856255
1440581857386
1440581879760
1440581901273
1440581904796
1440581906993
1440581920271
1440581920625
1440581951209
1440581981567
1440581981576
1440581982688
1440581986340
1440581990313
1440581990347
1440581991998
1440581992488
1442209526025
1442209551758
1442209554760
1442209855867
1442209885934
1442209891493
1442209891740
1064811236695
1064811238364
1064811329398
1064811420546
1064811453546
1064811453564
1064811467074
1064811648743
1064811656432
1064811683676
1064811876692
1064811889547
1064811890487
1064893150745
1064893170826
1064893179401
1064893452033
1064893463567
1064893466166
1064893466177
1064893475918
1064893480006
1064893489617
1064893495206
1064893510097
1064893515963
1064893519084
1064893522779
1064893523806
1064893525150
1064893578549
1064893640908
1440092220872
1440092412568
1440092420749
1440092530048
1440092531339
1440092534867
1440247375407
1440496182979
1440496184408
1440581855018
1440581855563
1440581855620
1440581856805
1440581857264
1440581876519
1440581877104
1440581877167
1440581904881
1440581920457
1440581920679
1440581923026
1440581925035
1440581933471
1440581947693
1440581961335
1440581981694
1440581989684
1440581990330
1440581991204
1440581992483
1440581994509
1442170015261
1442170023935
1442209534592
1442209855033
1442209883699
1442209885948
1442209891492
1442209891966
1064811223795
1064811238165
1064811238166
1064811324520
1064811433936
1064811437313
1064811448159
1064811453012
1064811458111
1064811458347
1064811638122
1064811641179
1064811672046
1064811681306
1064811682088
1064811885282
1064811887879
1064811888584
1064811893670
1064811899168
1064893172939
1064893177515
1064893470086
1064893475895
1064893479579
1064893480496
1064893486667
1064893517905
1064893525522
1064893530646
1064893536406
1064893559238
1064893625649
1064893626557
1440092530332
1440092534845
1440092535155
1440496182906
1440496189027
1440581855062
1440581855595
1440581855615
1440581855837
1440581856268
1440581856274
1440581856756
1440581857188
1440581857405
1440581879753
1440581909745
1440581921158
1440581921371
1440581982685
1440581990329
1440581991220
1440581992262
1440581992439
1440581992495
1442170022255
1442170023401
1442209891663
1064811464790
1064811468467
1064811642612
1064811653854
1064811670091
1064811684930
1064811813958
1064811816977
1064811872708
1064811876400
1064811887158
1064811891574
1064811897963
1064893150432
1064893152241
1064893153952
1064893174448
1064893203094
1064893204709
1064893436648
1064893452269
1064893455770
1064893466168
1064893472902
1064893477503
1064893513193
1064893519223
1064893520788
1064893530983
1064893535943
1064893571326
1064893579748
1064893623392
1064893626842
1064893629259
1440092411059
1440092412523
1440092413920
1440092530154
1440247367522
1440496183866
1440496188920
1440581830308
1440581839089
1440581855879
1440581856078
1440581856276
1440581876515
1440581935844
1440581940207
1440581949280
1440581951102
1440581961347
1440581961475
1440581961484
1440581982732
1440581991157
1440581992871
1442170015518
1442209865684
1442209883604
1442209885256
1442209885821
1064811221107
1064811236956
1064811323673
1064811325658
1064811328046
1064811420421
1064811426689
1064811441959
1064811445703
1064811450219
1064811450287
1064811450772
1064811456565
1064811641723
1064811645085
1064811654733
1064811656177
1064811666094
1064811669989
1064811671427
1064811684714
1064811883469
1064811886305
1064811887446
1064811890660
1064811891140
1064811896452
1064811899293
1064893150404
1064893153947
1064893174063
1064893174528
1064893180226
1064893449043
1064893461484
1064893465175
1064893465651
1064893466246
1064893467270
1064893468461
1064893476221
1064893479443
1064893480130
1064893481957
1064893487769
1064893488854
1064893512819
1064893513148
1064893513338
1064893558035
1064893622490
1064893623762
1064893623763
1440092222732
1440092412280
1440092531591
1440092534941
1440247367903
1440247373574
1440496182023
1440581835831
1440581855012
1440581855040
1440581856079
1440581857244
1440581858348
1440581904640
1440581910265
1440581935267
1440581935881
1440581935916
1440581935946
1440581940244
1440581961442
1440581992467
1442170024452
1442209527851
1442209554119
1442209855840
1442209884751
1064811227195
1064811321962
1064811448583
1064811449461
1064811454051
1064811468945
1064811621516
1064811627200
1064811656012
1064811656150
1064811662287
1064811665464
1064811683401
1064811811969
1064811876677
1064811880007
1064811891993
1064811894967
1064893178349
1064893445295
1064893482670
1064893488852
1064893489632
1064893512076
1064893521554
1064893525516
1064893528082
1064893530560
1064893570680
1064893571497
1064893622069
1064893641209
1440092221598
1440092411298
1440247375216
1440496181567
1440496184834
1440496187394
1440581833506
1440581836770
1440581838555
1440581855004
1440581855532
1440581856755
1440581856882
1440581877164
1440581922586
1440581923022
1440581944870
1440581961421
1440581961805
1440581965085
1440581982274
1440581990370
1440581991483
1440581992250
1442170010258
1442170017502
1442209855309
1442209883655
1064811227187
1064811231155
1064811257792
1064811325190
1064811437135
1064811454559
1064811458324
1064811489644
1064811621803
1064811640426
1064811649819
1064811655637
1064811660260
1064811674224
1064811680489
1064811681259
1064811681667
1064811685870
1064811874550
1064893154094
1064893173042
1064893173896
1064893179905
1064893183366
1064893221295
1064893224597
1064893453610
1064893456404
1064893463573
1064893466141
1064893468447
1064893468988
1064893478659
1064893484105
1064893487201
1064893488747
1064893488783
1064893489674
1064893499111
1064893513031
1064893529994
1064893531817
1064893536428
1064893539946
1064893570937
1064893574899
1064893578745
1064893621860
1064893622010
1064893625831
1064893626243
1064893642941
1064893643085
1440092221862
1440092410555
1440092426446
1440092428473
1440491410796
1440495899877
1440496180680
1440496180929
1440496181030
1440496181438
1440496188944
1440581856077
1440581876084
1440581935371
1440581935974
1440581961419
1440581961801
1440581981988
1440581985212
1440581986613
1440581990474
1440581993068
1442170015711
1442170017499
1442209885229
1064811231911
1064811234191
1064811235167
1064811329180
1064811438204
1064811445399
1064811446279
1064811452621
1064811453009
1064811454017
1064811456808
1064811457420
1064811461349
1064811461701
1064811466231
1064811644140
1064811659654
1064811686537
1064811688270
1064811882922
1064811885370
1064811885421
1064811897846
1064893150458
1064893151383
1064893173190
1064893176794
1064893430355
1064893437318
1064893451144
1064893471254
1064893475919
1064893476036
1064893487779
1064893499067
1064893527517
1064893529253
1064893529939
1064893575915
1064893642976
1440247371843
1440495816074
1440581855023
1440581855027
1440581855533
1440581855833
1440581856279
1440581857253
1440581875502
1440581903517
1440581930281
1440581933459
1440581935867
1440581935897
1440581935967
1440581981595
1440581983381
1440581991311
1442170015537
1442209537007
1442209865243
1442209884753
1442209892409
1442209892921
1064811222544
1064811227150
1064811323291
1064811433965
1064811440510
1064811444824
1064811445731
1064811454563
1064811460030
1064811650575
1064811658684
1064811668385
1064811688532
1064811882365
1064811899911
1064893153940
1064893183915
1064893443557
1064893471884
1064893480068
1064893488134
1064893511280
1064893515964
1064893517694
1064893525351
1064893537723
1064893538161
1064893559560
1064893571360
1064893621360
1064893641344
1064893643076
1440092222859
1440092429961
1440495899707
1440496180016
1440496182040
1440496185498
1440496188565
1440581855821
1440581856037
1440581856870
1440581857211
1440581858698
1440581866355
1440581875958
1440581900500
1440581904779
1440581904952
1440581945837
1440581982382
1440581982659
1440581990676
1440581992260
1440581992452
1440581994317
1442209895094
1064811226464
1064811227401
1064811238173
1064811324923
1064811327527
1064811328133
1064811435169
1064811437276
1064811448164
1064811449956
1064811462546
1064811465599
1064811467957
1064811484105
1064811487020
1064811489358
1064811625321
1064811648262
1064811889604
1064811899224
1064893153998
1064893180387
1064893185897
1064893203270
1064893458351
1064893459355
1064893463603
1064893467264
1064893467611
1064893470796
1064893476209
1064893480989
1064893487307
1064893488057
1064893489336
1064893489488
1064893515515
1064893525072
1064893537730
1064893570938
1064893621377
1064893624254
1064893629346
1064893629875
1064893642281
1440092411131
1440092411959
1440492237369
1440581855820
1440581857021
1440581857030
1440581857104
1440581877152
1440581910241
1440581914307
1440581922309
1440581935857
1440581935876
1440581935883
1440581935885
1440581935960
1440581982717
1442170015117
1442170015543
1442209885923
1442209895057
1064811227123
1064811237373
1064811320624
1064811441933
1064811448095
1064811452623
1064811468364
1064811625956
1064811640840
1064811644236
1064811644905
1064811685725
1064811885283
1064811898682
1064893152233
1064893152493
1064893153914
1064893177902
1064893179770
1064893187086
1064893223769
1064893434639
1064893443609
1064893465517
1064893466365
1064893467600
1064893471744
1064893486641
1064893487185
1064893489188
1064893515122
1064893524026
1064893528434
1064893531269
1064893531484
1064893578693
1064893621863
1064893625308
1064893640087
1440092414334
1440092421612
1440092429969
1440092530440
1440092536234
1440247367528
1440247375381
1440496187223
1440581855011
1440581855531
1440581856880
1440581857003
1440581857196
1440581857406
1440581877182
1440581877230
1440581904665
1440581904876
1440581920012
1440581920763
1440581920879
1440581947247
1440581964688
1440581990666
1440581991193
1440581991730
1440581992269
1440581992449
1442170002637
1442209554465
1442209883255
1442209885936
1064811222431
1064811329787
1064811434554
1064811437323
1064811455328
1064811464963
1064811655002
1064811655152
1064811656152
1064811664942
1064811668374
1064811684956
1064811685645
1064811872720
1064811887287
1064811890733
1064893172095
1064893172470
1064893173202
1064893179311
1064893180190
1064893205470
1064893209187
1064893456804
1064893458107
1064893463577
1064893481022
1064893512452
1064893515794
1064893521817
1064893524499
1064893526722
1064893555199
1064893570204
1064893571040
1064893641585
1440092221646
1440092221980
1440092530678
1440581832090
1440581839227
1440581855000
1440581855030
1440581855613
1440581857083
1440581857203
1440581857227
1440581921420
1440581921769
1440581987126
1440581990455
1442170017017
1442209526499
1442209526818
1064811235313
1064811235641
1064811259735
1064811328092
1064811423313
1064811424615
1064811429967
1064811444759
1064811448975
1064811449256
1064811451396
1064811451865
1064811462861
1064811463910
1064811637955
1064811651098
1064811661335
1064811680542
1064811683356
1064811688780
1064811884699
1064811888273
1064811898201
1064893176738
1064893203122
1064893207430
1064893434649
1064893439541
1064893457805
1064893480370
1064893510182
1064893513174
1064893518132
1064893518769
1064893539276
1440496180428
1440496185311
1440581832326
1440581856072
1440581856219
1440581856776
1440581857194
1440581858258
1440581901354
1440581920374
1440581922535
1440581933452
1440581935944
1440581945778
1440581981989
1440581989479
1440581992259
1440581992273
1440581992442
1440581992705
1440581992740
1442170004571
1442209537494
1442209551827
1442209554078
1064811222679
1064811227104
1064811453024
1064811456026
1064811457517
1064811460744
1064811463992
1064811467432
1064811468959
1064811469161
1064811469534
1064811486316
1064811487573
1064811502142
1064811673667
1064811677808
1064811682000
1064811878320
1064811881680
1064811890611
1064811891719
1064811893778
1064811897377
1064811898401
1064811899132
1064811899165
1064893177981
1064893463238
1064893466467
1064893471953
1064893477558
1064893488135
1064893488735
1064893488760
1064893513395
1064893514268
1064893514553
1064893526500
1064893526613
1064893528866
1064893529122
1064893529969
1064893535584
1064893557769
1064893578953
1064893629511
1064893641210
1064893641325
1440092413574
1440092530013
1440490922128
1440496181244
1440496187978
1440496188865
1440581855565
1440581856286
1440581856888
1440581857002
1440581857256
1440581857458
1440581875501
1440581877177
1440581877211
1440581879750
1440581920295
1440581935124
1440581935895
1440581939808
1440581944327
1440581961394
1440581990201
1440581990346
1440581991249
1440581991541
1440581992741
1440581992830
1440581992886
1442209536099
1442209551839
1442209554566
1442209883254
1064811227164
1064811239949
1064811453054
1064811458105
1064811500457
1064811501262
1064811644588
1064811652297
1064811653808
1064811657315
1064811660234
1064811674585
1064811682122
1064811872963
1064811872970
1064811882665
1064811885199
1064811890823
1064811896219
1064893150380
1064893174473
1064893179689
1064893182008
1064893203135
1064893204605
1064893205462
1064893440150
1064893486508
1064893486764
1064893486793
1064893486979
1064893489393
1064893498257
1064893512329
1064893512967
1064893515138
1064893517695
1064893520156
1064893524009
1064893526177
1064893621439
1064893623523
1064893629356
1440092531590
1440092538510
1440496180316
1440496189012
1440581855048
1440581855500
1440581855537
1440581856853
1440581857398
1440581901546
1440581911764
1440581920626
1440581935854
1440581944022
1440581952756
1440581980103
1440581992477
1442209526819
1442209532113
1442209535714
1442209855343
1442209891049
1442209892182
1064811222541
1064811236468
1064811325617
1064811424518
1064811449178
1064811459217
1064811465717
1064811466166
1064811658958
1064811670867
1064811881129
1064811883676
1064811885765
1064893179906
1064893227972
1064893434590
1064893444886
1064893447590
1064893453342
1064893457607
1064893458118
1064893465665
1064893475500
1064893484063
1064893488426
1064893518732
1064893518755
1064893524069
1064893524927
1064893529521
1064893533418
1064893539272
1064893622098
1440092221525
1440092531361
1440092534494
1440092534836
1440092534987
1440092534989
1440496180833
1440581834422
1440581838849
1440581855606
1440581855607
1440581857193
1440581857333
1440581857413
1440581879767
1440581879775
1440581901280
1440581921370
1440581922147
1440581935839
1440581938082
1440581961803
1440581981980
1440581992436
1440581992656
1440581992833
1442209537504
1442209538465
1442209863924
1442209885894
1442209885931
1442209895024
1064811219803
1064811222560
1064811222719
1064811227162
1064811231532
1064811259782
1064811326744
1064811327889
1064811440126
1064811460972
1064811465605
1064811469189
1064811667373
1064811872977
1064811883601
1064811886854
1064811889669
1064811896847
1064893177559
1064893186869
1064893207150
1064893434607
1064893446500
1064893449060
1064893463602
1064893479138
1064893489881
1064893498342
1064893499112
1064893499648
1064893520793
1064893521373
1064893536221
1064893536356
1064893570676
1064893623370
1064893629189
1440092220567
1440092411700
1440092425914
1440092427988
1440092429991
1440092530446
1440092534951
1440496180389
1440496181025
1440496182846
1440581834802
1440581839382
1440581855019
1440581855586
1440581856252
1440581856757
1440581913080
1440581920688
1440581935926
1440581937934
1440581940203
1440581966138
1440581980100
1440581980440
1440581982647
1440581982663
1440581991312
1440581991562
1440581992282
1440581992295
1440581992448
1442170002106
1442170015547
1442209551755
1442209854001
1442209895414
1064811221139
1064811222703
1064811250521
1064811320566
1064811320717
1064811329165
1064811329571
1064811329909
1064811445776
1064811445823
1064811469370
1064811656413
1064811669484
1064811669504
1064811684327
1064811819012
1064811889860
1064811892514
1064811894102
1064893176827
1064893178298
1064893203083
1064893204389
1064893439602
1064893460554
1064893462545
1064893473598
1064893483535
1064893489058
1064893489133
1064893499910
1064893512338
1064893516039
1064893518291
1064893523449
1064893525078
1064893529488
1064893530366
1064893531623
1064893539856
1064893573767
1064893621941
1064893623213
1064893624372
1064893625558
1440092221953
1440092223082
1440092411267
1440092426432
1440092428229
1440092530031
1440092531624
1440092537874
1440247367506
1440247367524
1440496182200
1440496187491
1440581836593
1440581839164
1440581855051
1440581856248
1440581857099
1440581857392
1440581909926
1440581910286
1440581921087
1440581921406
1440581922542
1440581923113
1440581935856
1440581935899
1440581937943
1440581943042
1440581946490
1440581961344
1440581961445
1440581962500
1440581964531
1440581980104
1440581981570
1440581990352
1440581990372
1440581991540
1440581992270
1440581992661
1440581992869
1442170037815
1442209551990